longitude,latitude,altitude,time,tau_cirrus,tau_contrail,rf_sw,rf_lw,width,depth,segment_length,n_ice_per_m,r_ice_vol,location
37.306,-0.815,40259.0,2024-11-10 16:10:00,0.0903,0.4271,0.0,11.75,130.0,116.0,0.0,4595000000000.0,1.383e-06,Nairobi_Kenya
37.387,-0.737,40833.0,2024-11-10 16:20:00,0.0764,0.4638,0.0,12.979,139.0,119.0,0.0,5719000000000.0,1.357e-06,Nairobi_Kenya
37.463,-0.644,40833.0,2024-11-10 16:30:00,0.0677,1.6896,0.0,48.123,62.0,105.0,0.0,6042000000000.0,1.637e-06,Nairobi_Kenya
37.545,-0.567,40830.0,2024-11-10 16:40:00,0.0603,1.1817,0.0,34.994,83.0,109.0,0.0,5928000000000.0,1.569e-06,Nairobi_Kenya
37.627,-0.49,40823.0,2024-11-10 16:50:00,0.0547,0.9244,0.0,27.59,97.0,113.0,0.0,5804000000000.0,1.507e-06,Nairobi_Kenya
37.708,-0.414,40817.0,2024-11-10 17:00:00,0.0459,0.6927,0.0,20.443,107.0,117.0,0.0,5638000000000.0,1.42e-06,Nairobi_Kenya
37.785,-0.319,40833.0,2024-11-10 17:10:00,0.0362,3.3865,0.0,84.136,31.0,102.0,0.0,5865000000000.0,1.683e-06,Nairobi_Kenya
37.867,-0.242,40830.0,2024-11-10 17:20:00,0.0289,1.6209,0.0,47.138,60.0,106.0,0.0,5740000000000.0,1.587e-06,Nairobi_Kenya
37.948,-0.166,40830.0,2024-11-10 17:30:00,0.0214,1.0761,0.0,31.811,79.0,111.0,0.0,5612000000000.0,1.496e-06,Nairobi_Kenya
38.029,-0.09,40827.0,2024-11-10 17:40:00,0.0163,0.7501,0.0,21.647,93.0,115.0,0.0,5499000000000.0,1.404e-06,Nairobi_Kenya
38.11,-0.014,40827.0,2024-11-10 17:50:00,0.0127,0.4821,0.0,13.253,105.0,120.0,0.0,5390000000000.0,1.295e-06,Nairobi_Kenya
38.189,0.083,40833.0,2024-11-10 18:00:00,0.0088,2.5359,0.0,66.442,38.0,103.0,0.0,5616000000000.0,1.633e-06,Nairobi_Kenya
38.27,0.16,40830.0,2024-11-10 18:10:00,0.0057,1.3864,0.0,39.493,63.0,108.0,0.0,5523000000000.0,1.531e-06,Nairobi_Kenya
38.351,0.236,40830.0,2024-11-10 18:20:00,0.0036,0.8269,0.0,23.531,85.0,113.0,0.0,5426000000000.0,1.412e-06,Nairobi_Kenya
38.432,0.312,40830.0,2024-11-10 18:30:00,0.0022,0.4293,0.0,11.639,105.0,117.0,0.0,5328000000000.0,1.259e-06,Nairobi_Kenya
38.513,0.388,40830.0,2024-11-10 18:40:00,0.0012,0.2069,0.0,4.987,122.0,121.0,0.0,5232000000000.0,1.05e-06,Nairobi_Kenya
38.592,0.485,40833.0,2024-11-10 18:50:00,0.0004,1.7656,0.0,51.606,52.0,104.0,0.0,5463000000000.0,1.581e-06,Nairobi_Kenya
38.673,0.562,40833.0,2024-11-10 19:00:00,0.0001,0.9437,0.0,28.6,79.0,109.0,0.0,5363000000000.0,1.444e-06,Nairobi_Kenya
38.754,0.638,40837.0,2024-11-10 19:10:00,0.0,0.4882,0.0,14.272,100.0,113.0,0.0,5262000000000.0,1.289e-06,Nairobi_Kenya
38.835,0.715,40837.0,2024-11-10 19:20:00,0.0,0.2073,0.0,5.237,120.0,117.0,0.0,5159000000000.0,1.05e-06,Nairobi_Kenya
18.767,-33.81,33291.0,2024-11-10 15:40:00,0.02,0.119,-8.625,6.723,1488.0,138.0,4878.0,2437000000000.0,3.713e-06,Cape_Town_South_Africa
18.951,-33.859,33271.0,2024-11-10 15:50:00,0.0202,0.1776,-9.864,11.321,1985.0,172.0,4083.0,2769000000000.0,4.807e-06,Cape_Town_South_Africa
19.134,-33.907,33258.0,2024-11-10 16:00:00,0.0208,0.2148,-9.512,14.504,2559.0,205.0,3323.0,3281000000000.0,5.578e-06,Cape_Town_South_Africa
19.317,-33.953,33245.0,2024-11-10 16:10:00,0.0193,0.2654,-8.896,18.472,3319.0,238.0,2601.0,4040000000000.0,6.217e-06,Cape_Town_South_Africa
19.501,-33.998,33222.0,2024-11-10 16:20:00,0.0166,0.2982,-8.333,21.301,4388.0,272.0,2007.0,5034000000000.0,6.715e-06,Cape_Town_South_Africa
19.687,-34.042,33192.0,2024-11-10 16:30:00,0.0175,0.2816,-8.286,20.803,5914.0,307.0,1660.0,5847000000000.0,7.139e-06,Cape_Town_South_Africa
19.874,-34.085,33176.0,2024-11-10 16:40:00,0.0182,0.2483,-9.556,19.071,7437.0,341.0,1700.0,5479000000000.0,7.631e-06,Cape_Town_South_Africa
20.061,-34.127,33159.0,2024-11-10 16:50:00,0.0188,0.1881,-11.564,15.302,8405.0,373.0,2119.0,4210000000000.0,8.272e-06,Cape_Town_South_Africa
20.249,-34.167,33133.0,2024-11-10 17:00:00,0.02,0.1526,-18.711,13.105,9123.0,402.0,2782.0,3063000000000.0,9.104e-06,Cape_Town_South_Africa
20.438,-34.206,33100.0,2024-11-10 17:10:00,0.0191,0.1325,0.0,10.336,9820.0,431.0,3601.0,2255000000000.0,1.0148e-05,Cape_Town_South_Africa
20.626,-34.244,33058.0,2024-11-10 17:20:00,0.0178,0.1218,0.0,9.889,10586.0,460.0,4488.0,1721000000000.0,1.1396e-05,Cape_Town_South_Africa
20.815,-34.28,33005.0,2024-11-10 17:30:00,0.0169,0.1079,0.0,9.041,11399.0,493.0,5416.0,1353000000000.0,1.2766e-05,Cape_Town_South_Africa
21.003,-34.315,32933.0,2024-11-10 17:40:00,0.0161,0.1016,0.0,8.728,12232.0,530.0,6380.0,1088000000000.0,1.4143e-05,Cape_Town_South_Africa
21.191,-34.349,32844.0,2024-11-10 17:50:00,0.0156,0.0918,0.0,7.997,13069.0,573.0,7384.0,891000000000.0,1.5348e-05,Cape_Town_South_Africa
21.379,-34.381,32749.0,2024-11-10 18:00:00,0.0152,0.0801,0.0,7.074,13874.0,622.0,8444.0,742000000000.0,1.6188e-05,Cape_Town_South_Africa
21.565,-34.412,32641.0,2024-11-10 18:10:00,0.0139,0.0645,0.0,5.763,14683.0,677.0,9573.0,628000000000.0,1.6256e-05,Cape_Town_South_Africa
21.751,-34.441,32530.0,2024-11-10 18:20:00,0.0127,0.0422,0.0,3.743,15500.0,732.0,10748.0,542000000000.0,1.4529e-05,Cape_Town_South_Africa
21.935,-34.469,32425.0,2024-11-10 18:30:00,0.012,0.0083,0.0,0.712,16338.0,780.0,11962.0,479000000000.0,7.15e-06,Cape_Town_South_Africa
18.736,-33.775,33878.0,2024-11-10 15:40:00,0.0098,0.3729,-24.586,15.396,544.0,129.0,5648.0,5314000000000.0,2.456e-06,Cape_Town_South_Africa
18.922,-33.832,33862.0,2024-11-10 15:50:00,0.0108,0.4913,-23.695,23.448,664.0,166.0,5593.0,5045000000000.0,3.252e-06,Cape_Town_South_Africa
19.107,-33.887,33855.0,2024-11-10 16:00:00,0.0114,0.338,-13.663,18.434,1216.0,199.0,5461.0,4971000000000.0,3.9e-06,Cape_Town_South_Africa
19.294,-33.94,33848.0,2024-11-10 16:10:00,0.0106,0.2816,-9.139,17.049,1962.0,228.0,5310.0,4924000000000.0,4.566e-06,Cape_Town_South_Africa
19.481,-33.992,33832.0,2024-11-10 16:20:00,0.0089,0.2702,-8.044,17.804,2866.0,255.0,5177.0,4857000000000.0,5.206e-06,Cape_Town_South_Africa
19.669,-34.044,33809.0,2024-11-10 16:30:00,0.0091,0.2388,-7.613,16.891,3959.0,281.0,5076.0,4757000000000.0,5.846e-06,Cape_Town_South_Africa
19.859,-34.095,33793.0,2024-11-10 16:40:00,0.0094,0.2064,-8.846,15.561,5295.0,307.0,4968.0,4659000000000.0,6.539e-06,Cape_Town_South_Africa
20.051,-34.144,33783.0,2024-11-10 16:50:00,0.0096,0.1918,-12.169,15.339,6899.0,333.0,4860.0,4556000000000.0,7.306e-06,Cape_Town_South_Africa
20.243,-34.192,33763.0,2024-11-10 17:00:00,0.0101,0.1835,-21.155,15.516,8821.0,360.0,4758.0,4439000000000.0,8.165e-06,Cape_Town_South_Africa
20.437,-34.238,33734.0,2024-11-10 17:10:00,0.0096,0.1752,0.0,15.505,11090.0,388.0,4678.0,4290000000000.0,9.088e-06,Cape_Town_South_Africa
20.632,-34.284,33698.0,2024-11-10 17:20:00,0.0092,0.1685,0.0,13.407,13605.0,418.0,4631.0,4105000000000.0,1.0057e-05,Cape_Town_South_Africa
20.827,-34.328,33652.0,2024-11-10 17:30:00,0.0091,0.1636,0.0,13.393,16287.0,450.0,4637.0,3872000000000.0,1.1059e-05,Cape_Town_South_Africa
21.023,-34.37,33589.0,2024-11-10 17:40:00,0.0091,0.1578,0.0,13.232,19037.0,485.0,4712.0,3593000000000.0,1.2069e-05,Cape_Town_South_Africa
21.219,-34.411,33517.0,2024-11-10 17:50:00,0.0092,0.1486,0.0,12.667,21664.0,524.0,4886.0,3266000000000.0,1.3063e-05,Cape_Town_South_Africa
21.416,-34.45,33435.0,2024-11-10 18:00:00,0.0093,0.137,0.0,11.918,23999.0,566.0,5188.0,2901000000000.0,1.4028e-05,Cape_Town_South_Africa
21.613,-34.488,33343.0,2024-11-10 18:10:00,0.009,0.1229,0.0,10.912,25862.0,612.0,5664.0,2513000000000.0,1.4882e-05,Cape_Town_South_Africa
21.811,-34.524,33238.0,2024-11-10 18:20:00,0.0093,0.1076,0.0,9.754,27157.0,662.0,0.0,2132000000000.0,1.5488e-05,Cape_Town_South_Africa
22.008,-34.558,33120.0,2024-11-10 18:30:00,0.0095,0.105,0.0,9.718,27267.0,715.0,0.0,2038000000000.0,1.5685e-05,Cape_Town_South_Africa
22.205,-34.59,33002.0,2024-11-10 18:40:00,0.0086,0.0902,0.0,8.336,27394.0,775.0,0.0,1964000000000.0,1.4843e-05,Cape_Town_South_Africa
22.4,-34.621,32881.0,2024-11-10 18:50:00,0.0077,0.0576,0.0,5.135,27539.0,834.0,0.0,1916000000000.0,1.2037e-05,Cape_Town_South_Africa
18.702,-33.732,34465.0,2024-11-10 15:40:00,0.003,0.6974,-41.197,21.325,107.0,110.0,5711.0,4209000000000.0,1.709e-06,Cape_Town_South_Africa
18.885,-33.792,34449.0,2024-11-10 15:50:00,0.004,0.1018,-6.688,3.335,607.0,143.0,0.0,3472000000000.0,1.752e-06,Cape_Town_South_Africa
19.068,-33.85,34446.0,2024-11-10 16:00:00,0.0047,0.084,-4.503,2.735,721.0,170.0,0.0,3403000000000.0,1.772e-06,Cape_Town_South_Africa
19.252,-33.907,34449.0,2024-11-10 16:10:00,0.0045,0.0709,-2.991,2.417,856.0,193.0,0.0,3369000000000.0,1.882e-06,Cape_Town_South_Africa
19.437,-33.963,34436.0,2024-11-10 16:20:00,0.0037,0.0601,-2.338,2.057,1001.0,214.0,0.0,3344000000000.0,1.879e-06,Cape_Town_South_Africa
19.624,-34.019,34423.0,2024-11-10 16:30:00,0.0033,0.0513,-2.059,1.707,1153.0,234.0,0.0,3324000000000.0,1.799e-06,Cape_Town_South_Africa
19.812,-34.073,34419.0,2024-11-10 16:40:00,0.0034,0.0448,-2.549,1.503,1314.0,252.0,0.0,3308000000000.0,1.805e-06,Cape_Town_South_Africa
20.002,-34.127,34426.0,2024-11-10 16:50:00,0.0033,0.0432,-4.017,1.585,1485.0,270.0,0.0,3294000000000.0,1.991e-06,Cape_Town_South_Africa
20.193,-34.181,34426.0,2024-11-10 17:00:00,0.0033,0.0687,-13.154,2.912,1667.0,286.0,0.0,3281000000000.0,2.356e-06,Cape_Town_South_Africa
20.387,-34.233,34423.0,2024-11-10 17:10:00,0.0029,0.0704,0.0,3.321,1859.0,303.0,0.0,3267000000000.0,2.669e-06,Cape_Town_South_Africa
20.581,-34.284,34416.0,2024-11-10 17:20:00,0.0027,0.0663,0.0,3.307,2052.0,320.0,0.0,3253000000000.0,2.855e-06,Cape_Town_South_Africa
20.777,-34.335,34406.0,2024-11-10 17:30:00,0.0028,0.0637,0.0,3.243,2250.0,336.0,0.0,3239000000000.0,2.926e-06,Cape_Town_South_Africa
20.974,-34.384,34390.0,2024-11-10 17:40:00,0.0028,0.0545,0.0,2.722,2455.0,353.0,0.0,3226000000000.0,2.841e-06,Cape_Town_South_Africa
21.173,-34.433,34364.0,2024-11-10 17:50:00,0.0027,0.0482,0.0,2.277,2670.0,368.0,0.0,3214000000000.0,2.641e-06,Cape_Town_South_Africa
21.374,-34.481,34341.0,2024-11-10 18:00:00,0.0026,0.0406,0.0,1.79,2898.0,383.0,0.0,3205000000000.0,2.406e-06,Cape_Town_South_Africa
21.576,-34.528,34314.0,2024-11-10 18:10:00,0.0021,0.0175,0.0,0.559,3140.0,397.0,0.0,3197000000000.0,1.613e-06,Cape_Town_South_Africa
18.67,-33.689,35052.0,2024-11-10 15:40:00,0.0004,0.3889,-28.553,9.589,91.0,97.0,0.0,4534000000000.0,1.237e-06,Cape_Town_South_Africa
4.346,7.492,40840.0,2024-11-10 17:10:00,0.0008,0.6617,-22.759,12.224,57.0,98.0,0.0,2967000000000.0,1.403e-06,Lagos_Nigeria
4.748,7.894,40840.0,2024-11-10 18:00:00,0.0,0.0398,0.0,0.399,101.0,98.0,0.0,3449000000000.0,4.01e-07,Lagos_Nigeria
40.126,10.35,40840.0,2024-11-10 18:00:00,0.0,0.764,0.0,25.819,48.0,99.0,0.0,2368000000000.0,1.503e-06,Addis_Ababa_Ethiopia
40.528,10.753,40840.0,2024-11-10 18:50:00,0.0,0.6128,0.0,20.365,55.0,99.0,0.0,2947000000000.0,1.359e-06,Addis_Ababa_Ethiopia
40.6,10.83,40840.0,2024-11-10 19:00:00,0.0,0.1411,0.0,2.653,83.0,101.0,0.0,2992000000000.0,6.8e-07,Addis_Ababa_Ethiopia
-7.76,31.836,34469.0,2024-11-10 15:40:00,0.0,0.2494,-30.343,6.921,137.0,113.0,3943.0,6365000000000.0,1.106e-06,Marrakech_Morocco
-7.741,31.867,35049.0,2024-11-10 15:40:00,0.0,1.6163,-108.046,46.581,56.0,100.0,0.0,8929000000000.0,1.32e-06,Marrakech_Morocco
-7.661,31.943,36785.0,2024-11-10 15:50:00,0.0,0.1448,-18.741,2.485,195.0,102.0,0.0,8488000000000.0,6.11e-07,Marrakech_Morocco
-7.013,32.597,40840.0,2024-11-10 17:10:00,0.0,1.2031,-36.886,43.257,43.0,98.0,0.0,2902000000000.0,1.683e-06,Marrakech_Morocco
-6.61,32.998,40840.0,2024-11-10 18:00:00,0.0,1.3096,0.0,40.767,46.0,98.0,0.0,4221000000000.0,1.455e-06,Marrakech_Morocco
-6.53,33.072,40837.0,2024-11-10 18:10:00,0.0,0.3701,0.0,10.588,74.0,99.0,0.0,4345000000000.0,1.165e-06,Marrakech_Morocco
-6.449,33.146,40837.0,2024-11-10 18:20:00,0.0,0.2137,0.0,4.697,92.0,100.0,0.0,4436000000000.0,8.53e-07,Marrakech_Morocco
-6.207,33.4,40840.0,2024-11-10 18:50:00,0.0,0.8053,0.0,24.461,60.0,97.0,0.0,4829000000000.0,1.313e-06,Marrakech_Morocco
-6.127,33.474,40840.0,2024-11-10 19:00:00,0.0,0.2192,0.0,4.988,98.0,98.0,0.0,4846000000000.0,8.86e-07,Marrakech_Morocco
16.233,-3.474,40837.0,2024-11-10 17:10:00,0.001,0.9149,0.0,26.853,45.0,99.0,0.0,4232000000000.0,1.308e-06,Kinshasa_DR_Congo
16.635,-3.072,40840.0,2024-11-10 18:00:00,0.0,0.2275,0.0,3.894,70.0,99.0,0.0,3873000000000.0,7.16e-07,Kinshasa_DR_Congo
39.782,-6.25,40833.0,2024-11-10 16:20:00,0.0,0.1853,0.0,4.966,110.0,116.0,0.0,4552000000000.0,9.41e-07,Dar_es_Salaam_Tanzania
39.855,-6.151,40833.0,2024-11-10 16:30:00,0.0,1.5401,0.0,54.498,51.0,104.0,0.0,4826000000000.0,1.544e-06,Dar_es_Salaam_Tanzania
39.938,-6.076,40833.0,2024-11-10 16:40:00,0.0,0.9819,0.0,35.069,68.0,107.0,0.0,4829000000000.0,1.442e-06,Dar_es_Salaam_Tanzania
40.021,-6.0,40837.0,2024-11-10 16:50:00,0.0,0.6388,0.0,22.317,82.0,111.0,0.0,4826000000000.0,1.344e-06,Dar_es_Salaam_Tanzania
40.105,-5.924,40837.0,2024-11-10 17:00:00,0.0,0.3476,0.0,11.381,99.0,114.0,0.0,4802000000000.0,1.21e-06,Dar_es_Salaam_Tanzania
40.176,-5.825,40833.0,2024-11-10 17:10:00,0.0,2.873,0.0,89.593,30.0,101.0,0.0,5064000000000.0,1.623e-06,Dar_es_Salaam_Tanzania
40.26,-5.749,40833.0,2024-11-10 17:20:00,0.0,1.2829,0.0,44.964,60.0,105.0,0.0,5049000000000.0,1.502e-06,Dar_es_Salaam_Tanzania
40.343,-5.673,40837.0,2024-11-10 17:30:00,0.0,0.7142,0.0,24.782,84.0,108.0,0.0,4993000000000.0,1.382e-06,Dar_es_Salaam_Tanzania
40.426,-5.598,40837.0,2024-11-10 17:40:00,0.0,0.3524,0.0,11.367,107.0,111.0,0.0,4935000000000.0,1.23e-06,Dar_es_Salaam_Tanzania
40.51,-5.522,40837.0,2024-11-10 17:50:00,0.0,0.1698,0.0,4.569,131.0,115.0,0.0,4873000000000.0,1e-06,Dar_es_Salaam_Tanzania
40.58,-5.423,40837.0,2024-11-10 18:00:00,0.0,1.7528,0.0,56.633,47.0,102.0,0.0,5080000000000.0,1.555e-06,Dar_es_Salaam_Tanzania
40.664,-5.347,40837.0,2024-11-10 18:10:00,0.0,0.7115,0.0,22.983,86.0,105.0,0.0,5025000000000.0,1.385e-06,Dar_es_Salaam_Tanzania
40.747,-5.271,40837.0,2024-11-10 18:20:00,0.0,0.3091,0.0,8.971,114.0,108.0,0.0,4967000000000.0,1.207e-06,Dar_es_Salaam_Tanzania
40.831,-5.195,40837.0,2024-11-10 18:30:00,0.0,0.1652,0.0,4.001,137.0,111.0,0.0,4919000000000.0,1.006e-06,Dar_es_Salaam_Tanzania
40.914,-5.119,40840.0,2024-11-10 18:40:00,0.0,0.1253,0.0,2.133,156.0,114.0,0.0,4873000000000.0,7e-07,Dar_es_Salaam_Tanzania
40.984,-5.021,40837.0,2024-11-10 18:50:00,0.0,1.2733,0.0,36.996,62.0,102.0,0.0,5134000000000.0,1.507e-06,Dar_es_Salaam_Tanzania
41.068,-4.945,40837.0,2024-11-10 19:00:00,0.0,0.5973,0.0,16.961,96.0,105.0,0.0,5093000000000.0,1.357e-06,Dar_es_Salaam_Tanzania
41.151,-4.868,40840.0,2024-11-10 19:10:00,0.0,0.3494,0.0,9.409,117.0,108.0,0.0,5072000000000.0,1.247e-06,Dar_es_Salaam_Tanzania
41.235,-4.792,40840.0,2024-11-10 19:20:00,0.0,0.2206,0.0,5.544,135.0,111.0,0.0,5046000000000.0,1.142e-06,Dar_es_Salaam_Tanzania
33.202,16.142,40837.0,2024-11-10 16:30:00,0.0,0.5847,0.0,17.998,81.0,103.0,0.0,5197000000000.0,1.287e-06,Khartoum_Sudan
33.278,16.217,40837.0,2024-11-10 16:40:00,0.0,0.1966,0.0,4.926,118.0,106.0,0.0,5148000000000.0,9.76e-07,Khartoum_Sudan
33.527,16.468,40837.0,2024-11-10 17:10:00,0.0,2.2113,0.0,67.586,38.0,100.0,0.0,5344000000000.0,1.527e-06,Khartoum_Sudan
33.604,16.544,40837.0,2024-11-10 17:20:00,0.0,0.4115,0.0,13.015,97.0,104.0,0.0,5294000000000.0,1.226e-06,Khartoum_Sudan
33.681,16.62,40837.0,2024-11-10 17:30:00,0.0,0.1748,0.0,4.352,133.0,107.0,0.0,5241000000000.0,8.96e-07,Khartoum_Sudan
33.93,16.87,40837.0,2024-11-10 18:00:00,0.0,1.3215,0.0,44.377,59.0,101.0,0.0,5445000000000.0,1.461e-06,Khartoum_Sudan
34.007,16.946,40837.0,2024-11-10 18:10:00,0.0,0.3551,0.0,11.364,108.0,104.0,0.0,5394000000000.0,1.206e-06,Khartoum_Sudan
34.084,17.023,40837.0,2024-11-10 18:20:00,0.0,0.1689,0.0,4.393,141.0,108.0,0.0,5344000000000.0,9.23e-07,Khartoum_Sudan
34.332,17.273,40837.0,2024-11-10 18:50:00,0.0,1.0821,0.0,38.031,71.0,102.0,0.0,5585000000000.0,1.444e-06,Khartoum_Sudan
34.41,17.349,40837.0,2024-11-10 19:00:00,0.0,0.3898,0.0,12.962,114.0,105.0,0.0,5536000000000.0,1.243e-06,Khartoum_Sudan
34.487,17.426,40837.0,2024-11-10 19:10:00,0.0,0.1862,0.0,5.411,142.0,109.0,0.0,5487000000000.0,1.045e-06,Khartoum_Sudan
34.564,17.503,40837.0,2024-11-10 19:20:00,0.0,0.1434,0.0,3.166,164.0,112.0,0.0,5436000000000.0,7.68e-07,Khartoum_Sudan
13.654,-8.426,39131.0,2024-11-10 16:10:00,0.3986,0.4169,-16.015,12.104,240.0,152.0,5592.0,2550000000000.0,2.513e-06,Luanda_Angola
13.596,-8.427,39170.0,2024-11-10 16:20:00,0.3572,0.2479,-9.893,9.687,677.0,196.0,5694.0,2375000000000.0,3.432e-06,Luanda_Angola
13.537,-8.427,39216.0,2024-11-10 16:30:00,0.3217,0.2143,-7.392,10.192,1158.0,233.0,5812.0,2248000000000.0,4.307e-06,Luanda_Angola
13.479,-8.428,39259.0,2024-11-10 16:40:00,0.2926,0.2002,-9.462,10.548,1689.0,266.0,5945.0,2124000000000.0,5.195e-06,Luanda_Angola
13.42,-8.427,39301.0,2024-11-10 16:50:00,0.2696,0.1912,-11.473,10.945,2273.0,298.0,6080.0,2002000000000.0,6.09e-06,Luanda_Angola
13.36,-8.427,39341.0,2024-11-10 17:00:00,0.2516,0.1838,0.0,11.218,2909.0,330.0,6215.0,1882000000000.0,6.987e-06,Luanda_Angola
13.301,-8.427,39377.0,2024-11-10 17:10:00,0.2241,0.1766,0.0,11.354,3583.0,362.0,6368.0,1761000000000.0,7.872e-06,Luanda_Angola
13.241,-8.427,39386.0,2024-11-10 17:20:00,0.1997,0.1684,0.0,11.25,4284.0,396.0,6533.0,1641000000000.0,8.677e-06,Luanda_Angola
13.182,-8.426,39373.0,2024-11-10 17:30:00,0.1778,0.1559,0.0,10.714,5008.0,431.0,6709.0,1528000000000.0,9.413e-06,Luanda_Angola
13.122,-8.425,39337.0,2024-11-10 17:40:00,0.1596,0.1384,0.0,8.747,5768.0,467.0,6879.0,1426000000000.0,1.0064e-05,Luanda_Angola
13.063,-8.425,39278.0,2024-11-10 17:50:00,0.1447,0.1303,0.0,8.758,6551.0,506.0,7062.0,1332000000000.0,1.0611e-05,Luanda_Angola
13.005,-8.424,39196.0,2024-11-10 18:00:00,0.133,0.115,0.0,8.203,7357.0,545.0,7260.0,1247000000000.0,1.1018e-05,Luanda_Angola
12.946,-8.422,39101.0,2024-11-10 18:10:00,0.1138,0.0988,0.0,7.447,8199.0,586.0,7475.0,1170000000000.0,1.1075e-05,Luanda_Angola
12.887,-8.422,38999.0,2024-11-10 18:20:00,0.0936,0.0781,0.0,6.118,9052.0,627.0,7694.0,1106000000000.0,1.0517e-05,Luanda_Angola
12.829,-8.421,38901.0,2024-11-10 18:30:00,0.0724,0.0476,0.0,4.366,9900.0,664.0,7931.0,1053000000000.0,9.018e-06,Luanda_Angola
12.771,-8.422,38809.0,2024-11-10 18:40:00,0.05,0.015,0.0,1.109,10765.0,694.0,8173.0,1011000000000.0,5.241e-06,Luanda_Angola
13.698,-8.402,39698.0,2024-11-10 16:10:00,0.3398,0.3308,-14.477,9.034,238.0,130.0,5539.0,3327000000000.0,2.121e-06,Luanda_Angola
13.642,-8.405,39738.0,2024-11-10 16:20:00,0.3056,0.1653,-7.731,6.146,807.0,173.0,5668.0,3077000000000.0,2.903e-06,Luanda_Angola
13.586,-8.407,39780.0,2024-11-10 16:30:00,0.2751,0.1499,-6.098,6.842,1385.0,209.0,5823.0,2902000000000.0,3.652e-06,Luanda_Angola
13.529,-8.409,39826.0,2024-11-10 16:40:00,0.2485,0.1544,-8.244,7.851,1973.0,241.0,6004.0,2740000000000.0,4.391e-06,Luanda_Angola
13.472,-8.411,39869.0,2024-11-10 16:50:00,0.2264,0.158,-12.155,8.755,2565.0,271.0,6216.0,2574000000000.0,5.141e-06,Luanda_Angola
13.415,-8.413,39911.0,2024-11-10 17:00:00,0.2084,0.1547,0.0,9.211,3164.0,301.0,6449.0,2410000000000.0,5.884e-06,Luanda_Angola
13.357,-8.415,39948.0,2024-11-10 17:10:00,0.1832,0.1431,0.0,9.04,3765.0,331.0,6707.0,2246000000000.0,6.579e-06,Luanda_Angola
13.299,-8.417,39964.0,2024-11-10 17:20:00,0.161,0.1363,0.0,8.978,4372.0,361.0,6979.0,2090000000000.0,7.175e-06,Luanda_Angola
13.242,-8.418,39954.0,2024-11-10 17:30:00,0.1411,0.1344,0.0,9.112,4993.0,391.0,7260.0,1946000000000.0,7.685e-06,Luanda_Angola
13.185,-8.42,39925.0,2024-11-10 17:40:00,0.1236,0.1167,0.0,8.436,5625.0,423.0,7551.0,1814000000000.0,8.103e-06,Luanda_Angola
13.127,-8.421,39875.0,2024-11-10 17:50:00,0.109,0.1081,0.0,8.265,6279.0,454.0,7846.0,1697000000000.0,8.417e-06,Luanda_Angola
13.071,-8.422,39806.0,2024-11-10 18:00:00,0.0969,0.099,0.0,7.969,6957.0,486.0,8147.0,1593000000000.0,8.609e-06,Luanda_Angola
13.014,-8.423,39718.0,2024-11-10 18:10:00,0.0837,0.081,0.0,6.799,7663.0,518.0,8451.0,1501000000000.0,8.488e-06,Luanda_Angola
12.957,-8.424,39629.0,2024-11-10 18:20:00,0.0691,0.0612,0.0,5.276,8418.0,549.0,8717.0,1430000000000.0,7.929e-06,Luanda_Angola
12.901,-8.426,39541.0,2024-11-10 18:30:00,0.0533,0.0357,0.0,3.005,9220.0,578.0,8957.0,1375000000000.0,6.576e-06,Luanda_Angola
13.742,-8.376,40266.0,2024-11-10 16:10:00,0.2823,0.6171,-21.843,14.596,143.0,114.0,0.0,4960000000000.0,1.736e-06,Luanda_Angola
13.688,-8.382,40299.0,2024-11-10 16:20:00,0.2552,0.2078,-9.665,6.822,678.0,164.0,5619.0,4199000000000.0,2.325e-06,Luanda_Angola
13.635,-8.386,40335.0,2024-11-10 16:30:00,0.2303,0.1359,-5.977,5.661,1358.0,202.0,5795.0,3945000000000.0,2.977e-06,Luanda_Angola
13.581,-8.391,40374.0,2024-11-10 16:40:00,0.2079,0.1292,-7.969,6.116,2054.0,235.0,5998.0,3721000000000.0,3.624e-06,Luanda_Angola
13.526,-8.395,40413.0,2024-11-10 16:50:00,0.1882,0.1391,-12.344,7.272,2765.0,265.0,6226.0,3508000000000.0,4.274e-06,Luanda_Angola
13.472,-8.399,40449.0,2024-11-10 17:00:00,0.1718,0.1334,0.0,7.63,3492.0,293.0,6478.0,3296000000000.0,4.936e-06,Luanda_Angola
13.417,-8.403,40486.0,2024-11-10 17:10:00,0.1499,0.1212,0.0,7.407,4230.0,321.0,6747.0,3091000000000.0,5.555e-06,Luanda_Angola
13.362,-8.407,40499.0,2024-11-10 17:20:00,0.1305,0.1265,0.0,8.085,4967.0,349.0,7009.0,2903000000000.0,6.066e-06,Luanda_Angola
13.307,-8.41,40489.0,2024-11-10 17:30:00,0.1132,0.1092,0.0,7.251,5704.0,377.0,7266.0,2733000000000.0,6.478e-06,Luanda_Angola
13.253,-8.414,40456.0,2024-11-10 17:40:00,0.0977,0.108,0.0,7.602,6449.0,404.0,7520.0,2581000000000.0,6.788e-06,Luanda_Angola
13.199,-8.417,40407.0,2024-11-10 17:50:00,0.0841,0.0962,0.0,7.137,7202.0,432.0,7778.0,2443000000000.0,6.973e-06,Luanda_Angola
13.145,-8.42,40335.0,2024-11-10 18:00:00,0.0724,0.0828,0.0,6.417,7935.0,459.0,8061.0,2314000000000.0,6.994e-06,Luanda_Angola
13.091,-8.423,40249.0,2024-11-10 18:10:00,0.0621,0.0621,0.0,4.908,8650.0,485.0,8369.0,2194000000000.0,6.613e-06,Luanda_Angola
13.036,-8.426,40161.0,2024-11-10 18:20:00,0.0511,0.0399,0.0,3.07,9327.0,510.0,8644.0,2101000000000.0,5.674e-06,Luanda_Angola
12.982,-8.429,40075.0,2024-11-10 18:30:00,0.0393,0.0113,0.0,0.61,9384.0,531.0,0.0,2088000000000.0,3.042e-06,Luanda_Angola
13.733,-8.357,40860.0,2024-11-10 16:20:00,0.2066,0.1613,-8.367,5.411,524.0,153.0,5484.0,2951000000000.0,2.225e-06,Luanda_Angola
13.682,-8.364,40886.0,2024-11-10 16:30:00,0.1875,0.0915,-4.579,3.954,1329.0,193.0,5571.0,2802000000000.0,2.904e-06,Luanda_Angola
13.631,-8.371,40915.0,2024-11-10 16:40:00,0.1698,0.0896,-6.614,4.414,2144.0,228.0,5659.0,2696000000000.0,3.558e-06,Luanda_Angola
13.58,-8.377,40945.0,2024-11-10 16:50:00,0.154,0.0932,-11.583,5.078,2979.0,258.0,5751.0,2605000000000.0,4.197e-06,Luanda_Angola
13.528,-8.383,40971.0,2024-11-10 17:00:00,0.1401,0.0858,0.0,5.106,3843.0,287.0,5848.0,2516000000000.0,4.842e-06,Luanda_Angola
13.476,-8.388,40994.0,2024-11-10 17:10:00,0.1217,0.0824,0.0,5.229,4748.0,315.0,5949.0,2429000000000.0,5.445e-06,Luanda_Angola
13.424,-8.394,40997.0,2024-11-10 17:20:00,0.1054,0.0858,0.0,5.689,5655.0,343.0,6042.0,2348000000000.0,5.917e-06,Luanda_Angola
13.373,-8.399,40984.0,2024-11-10 17:30:00,0.0906,0.0756,0.0,5.172,6556.0,370.0,6130.0,2273000000000.0,6.235e-06,Luanda_Angola
13.321,-8.404,40945.0,2024-11-10 17:40:00,0.0771,0.065,0.0,4.657,7468.0,397.0,6217.0,2205000000000.0,6.362e-06,Luanda_Angola
13.269,-8.408,40889.0,2024-11-10 17:50:00,0.0644,0.0555,0.0,4.095,8430.0,424.0,6302.0,2144000000000.0,6.234e-06,Luanda_Angola
13.217,-8.413,40817.0,2024-11-10 18:00:00,0.0534,0.0418,0.0,3.095,9501.0,448.0,6387.0,2093000000000.0,5.776e-06,Luanda_Angola
13.166,-8.417,40725.0,2024-11-10 18:10:00,0.0462,0.0214,0.0,1.432,10674.0,471.0,6475.0,2048000000000.0,4.502e-06,Luanda_Angola
13.774,-8.329,40853.0,2024-11-10 16:20:00,0.2149,0.1802,-9.127,5.628,349.0,137.0,5431.0,3147000000000.0,2.013e-06,Luanda_Angola
13.724,-8.336,40879.0,2024-11-10 16:30:00,0.1945,0.105,-5.06,4.262,1131.0,181.0,5521.0,2963000000000.0,2.641e-06,Luanda_Angola
13.674,-8.342,40909.0,2024-11-10 16:40:00,0.177,0.0972,-6.944,4.558,1940.0,217.0,5610.0,2848000000000.0,3.283e-06,Luanda_Angola
13.623,-8.348,40938.0,2024-11-10 16:50:00,0.1611,0.0825,-10.34,4.32,2764.0,248.0,5702.0,2750000000000.0,3.903e-06,Luanda_Angola
13.573,-8.354,40965.0,2024-11-10 17:00:00,0.1469,0.0821,0.0,4.7,3610.0,277.0,5800.0,2657000000000.0,4.523e-06,Luanda_Angola
13.521,-8.359,40991.0,2024-11-10 17:10:00,0.128,0.0889,0.0,5.439,4488.0,305.0,5903.0,2566000000000.0,5.102e-06,Luanda_Angola
13.47,-8.364,40997.0,2024-11-10 17:20:00,0.111,0.0768,0.0,4.949,5376.0,332.0,6000.0,2481000000000.0,5.561e-06,Luanda_Angola
13.419,-8.369,40984.0,2024-11-10 17:30:00,0.0957,0.0774,0.0,5.142,6266.0,359.0,6091.0,2403000000000.0,5.872e-06,Luanda_Angola
13.368,-8.373,40951.0,2024-11-10 17:40:00,0.0816,0.0692,0.0,4.805,7161.0,386.0,6178.0,2333000000000.0,5.985e-06,Luanda_Angola
13.317,-8.377,40899.0,2024-11-10 17:50:00,0.0683,0.0558,0.0,3.979,8094.0,411.0,6263.0,2271000000000.0,5.846e-06,Luanda_Angola
13.266,-8.381,40830.0,2024-11-10 18:00:00,0.056,0.039,0.0,2.782,9114.0,435.0,6346.0,2219000000000.0,5.382e-06,Luanda_Angola
13.215,-8.385,40741.0,2024-11-10 18:10:00,0.0483,0.0207,0.0,1.298,10257.0,457.0,6431.0,2174000000000.0,4.073e-06,Luanda_Angola
13.815,-8.302,40843.0,2024-11-10 16:20:00,0.2239,0.4733,-16.728,12.403,171.0,119.0,0.0,4597000000000.0,1.676e-06,Luanda_Angola
13.766,-8.308,40873.0,2024-11-10 16:30:00,0.2016,0.1135,-5.328,3.868,832.0,169.0,5466.0,4247000000000.0,2.084e-06,Luanda_Angola
13.716,-8.314,40902.0,2024-11-10 16:40:00,0.1835,0.0998,-7.012,4.022,1636.0,206.0,5558.0,4075000000000.0,2.641e-06,Luanda_Angola
13.666,-8.319,40932.0,2024-11-10 16:50:00,0.1676,0.0976,-10.84,4.464,2465.0,238.0,5652.0,3933000000000.0,3.195e-06,Luanda_Angola
13.616,-8.324,40961.0,2024-11-10 17:00:00,0.1532,0.0843,0.0,4.279,3309.0,266.0,5749.0,3805000000000.0,3.737e-06,Luanda_Angola
13.566,-8.329,40991.0,2024-11-10 17:10:00,0.134,0.0953,0.0,5.223,4177.0,293.0,5851.0,3683000000000.0,4.231e-06,Luanda_Angola
13.515,-8.334,41001.0,2024-11-10 17:20:00,0.1162,0.0805,0.0,4.697,5046.0,319.0,5947.0,3569000000000.0,4.623e-06,Luanda_Angola
13.465,-8.338,40991.0,2024-11-10 17:30:00,0.1001,0.0801,0.0,4.856,5928.0,344.0,6036.0,3465000000000.0,4.896e-06,Luanda_Angola
13.414,-8.342,40965.0,2024-11-10 17:40:00,0.0854,0.073,0.0,4.628,6817.0,369.0,6118.0,3372000000000.0,4.998e-06,Luanda_Angola
13.364,-8.346,40922.0,2024-11-10 17:50:00,0.0715,0.0578,0.0,3.747,7724.0,392.0,6200.0,3290000000000.0,4.885e-06,Luanda_Angola
13.314,-8.349,40860.0,2024-11-10 18:00:00,0.0582,0.0412,0.0,2.631,8693.0,414.0,6280.0,3218000000000.0,4.478e-06,Luanda_Angola
13.264,-8.352,40778.0,2024-11-10 18:10:00,0.0496,0.0223,0.0,1.222,9787.0,433.0,6357.0,3158000000000.0,3.358e-06,Luanda_Angola
13.807,-8.28,40863.0,2024-11-10 16:30:00,0.2096,0.1069,-5.01,3.605,570.0,155.0,5403.0,2971000000000.0,2.032e-06,Luanda_Angola
13.758,-8.286,40892.0,2024-11-10 16:40:00,0.1897,0.0828,-6.033,3.354,1368.0,194.0,5496.0,2831000000000.0,2.613e-06,Luanda_Angola
13.709,-8.291,40922.0,2024-11-10 16:50:00,0.1737,0.0808,-9.343,3.789,2204.0,227.0,5590.0,2730000000000.0,3.263e-06,Luanda_Angola
13.66,-8.295,40951.0,2024-11-10 17:00:00,0.1594,0.0707,0.0,3.708,3056.0,257.0,5689.0,2640000000000.0,3.889e-06,Luanda_Angola
13.61,-8.3,40978.0,2024-11-10 17:10:00,0.1403,0.0724,0.0,4.115,3925.0,285.0,5792.0,2553000000000.0,4.443e-06,Luanda_Angola
13.56,-8.304,40988.0,2024-11-10 17:20:00,0.1224,0.0685,0.0,4.12,4790.0,312.0,5888.0,2474000000000.0,4.857e-06,Luanda_Angola
13.51,-8.307,40981.0,2024-11-10 17:30:00,0.1055,0.0667,0.0,4.153,5662.0,337.0,5980.0,2402000000000.0,5.135e-06,Luanda_Angola
13.46,-8.311,40955.0,2024-11-10 17:40:00,0.0901,0.057,0.0,3.702,6561.0,362.0,6066.0,2339000000000.0,5.229e-06,Luanda_Angola
13.41,-8.314,40912.0,2024-11-10 17:50:00,0.0758,0.0466,0.0,3.075,7484.0,386.0,6147.0,2283000000000.0,5.057e-06,Luanda_Angola
13.36,-8.317,40850.0,2024-11-10 18:00:00,0.0619,0.0294,0.0,1.879,8460.0,409.0,6227.0,2235000000000.0,4.493e-06,Luanda_Angola
13.311,-8.32,40774.0,2024-11-10 18:10:00,0.0528,0.0092,0.0,0.426,9540.0,428.0,6306.0,2195000000000.0,2.682e-06,Luanda_Angola
13.847,-8.253,40856.0,2024-11-10 16:30:00,0.2171,0.1428,-6.166,4.431,394.0,140.0,5359.0,3156000000000.0,1.822e-06,Luanda_Angola
13.799,-8.258,40886.0,2024-11-10 16:40:00,0.1969,0.0662,-5.022,2.342,1166.0,182.0,5466.0,2984000000000.0,2.17e-06,Luanda_Angola
13.751,-8.262,40915.0,2024-11-10 16:50:00,0.1791,0.0587,-7.379,2.469,1975.0,217.0,5572.0,2871000000000.0,2.766e-06,Luanda_Angola
13.702,-8.266,40945.0,2024-11-10 17:00:00,0.165,0.0691,0.0,3.333,2830.0,246.0,5680.0,2776000000000.0,3.415e-06,Luanda_Angola
13.653,-8.27,40971.0,2024-11-10 17:10:00,0.1459,0.0627,0.0,3.318,3700.0,274.0,5792.0,2685000000000.0,3.946e-06,Luanda_Angola
13.604,-8.274,40984.0,2024-11-10 17:20:00,0.1278,0.0629,0.0,3.51,4561.0,300.0,5897.0,2603000000000.0,4.298e-06,Luanda_Angola
13.555,-8.277,40978.0,2024-11-10 17:30:00,0.1106,0.0519,0.0,2.997,5426.0,326.0,5993.0,2531000000000.0,4.491e-06,Luanda_Angola
13.505,-8.28,40958.0,2024-11-10 17:40:00,0.0941,0.0436,0.0,2.618,6311.0,349.0,6081.0,2469000000000.0,4.522e-06,Luanda_Angola
13.456,-8.282,40922.0,2024-11-10 17:50:00,0.0791,0.0369,0.0,2.215,7241.0,372.0,6161.0,2416000000000.0,4.312e-06,Luanda_Angola
13.407,-8.285,40866.0,2024-11-10 18:00:00,0.0646,0.0206,0.0,1.139,8211.0,393.0,6241.0,2369000000000.0,3.619e-06,Luanda_Angola
13.888,-8.226,40846.0,2024-11-10 16:30:00,0.2252,0.2665,-9.034,7.829,225.0,123.0,5293.0,3377000000000.0,1.728e-06,Luanda_Angola
13.84,-8.23,40879.0,2024-11-10 16:40:00,0.2041,0.0589,-4.505,1.854,960.0,169.0,5400.0,3145000000000.0,1.872e-06,Luanda_Angola
13.792,-8.233,40912.0,2024-11-10 16:50:00,0.1855,0.055,-6.758,2.0,1730.0,205.0,5508.0,3021000000000.0,2.283e-06,Luanda_Angola
13.744,-8.237,40942.0,2024-11-10 17:00:00,0.1698,0.0495,0.0,2.138,2546.0,236.0,5621.0,2920000000000.0,2.9e-06,Luanda_Angola
13.696,-8.24,40968.0,2024-11-10 17:10:00,0.1508,0.0584,0.0,2.805,3413.0,263.0,5736.0,2826000000000.0,3.419e-06,Luanda_Angola
13.647,-8.242,40981.0,2024-11-10 17:20:00,0.1327,0.0465,0.0,2.355,4264.0,289.0,5852.0,2739000000000.0,3.703e-06,Luanda_Angola
13.599,-8.245,40981.0,2024-11-10 17:30:00,0.1153,0.04,0.0,2.071,5115.0,313.0,5960.0,2664000000000.0,3.815e-06,Luanda_Angola
13.55,-8.247,40965.0,2024-11-10 17:40:00,0.0986,0.0321,0.0,1.698,5978.0,336.0,6062.0,2598000000000.0,3.751e-06,Luanda_Angola
13.501,-8.249,40932.0,2024-11-10 17:50:00,0.0822,0.0261,0.0,1.346,6876.0,357.0,6157.0,2541000000000.0,3.43e-06,Luanda_Angola
13.452,-8.251,40886.0,2024-11-10 18:00:00,0.0672,0.0115,0.0,0.465,7845.0,377.0,6243.0,2493000000000.0,2.387e-06,Luanda_Angola
13.927,-8.199,40840.0,2024-11-10 16:30:00,0.2327,0.9891,-13.482,24.319,77.0,103.0,0.0,4811000000000.0,1.531e-06,Luanda_Angola
13.88,-8.203,40873.0,2024-11-10 16:40:00,0.2108,0.0977,-6.533,2.827,613.0,156.0,5333.0,3381000000000.0,1.697e-06,Luanda_Angola
13.833,-8.205,40906.0,2024-11-10 16:50:00,0.1915,0.0426,-5.404,1.328,1371.0,193.0,5439.0,3232000000000.0,1.889e-06,Luanda_Angola
13.786,-8.207,40935.0,2024-11-10 17:00:00,0.1745,0.0519,0.0,1.922,2161.0,225.0,5547.0,3122000000000.0,2.383e-06,Luanda_Angola
13.738,-8.209,40961.0,2024-11-10 17:10:00,0.1549,0.043,0.0,1.823,2998.0,253.0,5659.0,3024000000000.0,2.882e-06,Luanda_Angola
13.69,-8.211,40978.0,2024-11-10 17:20:00,0.1367,0.0445,0.0,2.001,3846.0,279.0,5768.0,2936000000000.0,3.153e-06,Luanda_Angola
13.642,-8.212,40978.0,2024-11-10 17:30:00,0.1192,0.0382,0.0,1.738,4684.0,303.0,5876.0,2856000000000.0,3.217e-06,Luanda_Angola
13.593,-8.214,40965.0,2024-11-10 17:40:00,0.1022,0.0265,0.0,1.206,5526.0,325.0,5978.0,2787000000000.0,3.07e-06,Luanda_Angola
13.545,-8.215,40938.0,2024-11-10 17:50:00,0.0855,0.017,0.0,0.698,6395.0,346.0,6072.0,2728000000000.0,2.559e-06,Luanda_Angola
13.921,-8.176,40863.0,2024-11-10 16:40:00,0.2167,0.1331,-7.885,3.826,425.0,141.0,5266.0,3193000000000.0,1.689e-06,Luanda_Angola
13.874,-8.177,40896.0,2024-11-10 16:50:00,0.1968,0.0466,-5.509,1.326,1152.0,181.0,5370.0,3032000000000.0,1.694e-06,Luanda_Angola
13.827,-8.178,40928.0,2024-11-10 17:00:00,0.179,0.0304,0.0,0.977,1905.0,214.0,5476.0,2927000000000.0,2.005e-06,Luanda_Angola
13.779,-8.179,40955.0,2024-11-10 17:10:00,0.1593,0.039,0.0,1.437,2701.0,242.0,5585.0,2837000000000.0,2.417e-06,Luanda_Angola
13.732,-8.18,40971.0,2024-11-10 17:20:00,0.1404,0.0314,0.0,1.24,3517.0,268.0,5689.0,2759000000000.0,2.664e-06,Luanda_Angola
13.684,-8.18,40971.0,2024-11-10 17:30:00,0.1228,0.0248,0.0,0.979,4341.0,292.0,5791.0,2689000000000.0,2.679e-06,Luanda_Angola
13.636,-8.181,40961.0,2024-11-10 17:40:00,0.1055,0.0179,0.0,0.662,5165.0,314.0,5890.0,2626000000000.0,2.364e-06,Luanda_Angola
13.96,-8.149,40853.0,2024-11-10 16:40:00,0.2219,0.2326,-10.367,6.505,258.0,125.0,5199.0,3414000000000.0,1.656e-06,Luanda_Angola
13.914,-8.15,40886.0,2024-11-10 16:50:00,0.2014,0.0522,-5.682,1.345,954.0,169.0,5300.0,3206000000000.0,1.512e-06,Luanda_Angola
13.867,-8.15,40919.0,2024-11-10 17:00:00,0.183,0.0309,0.0,0.81,1673.0,203.0,5403.0,3091000000000.0,1.577e-06,Luanda_Angola
13.821,-8.15,40948.0,2024-11-10 17:10:00,0.1635,0.022,0.0,0.641,2430.0,232.0,5509.0,2998000000000.0,1.821e-06,Luanda_Angola
13.773,-8.149,40965.0,2024-11-10 17:20:00,0.1443,0.0172,0.0,0.527,3203.0,258.0,5612.0,2917000000000.0,1.959e-06,Luanda_Angola
13.726,-8.149,40968.0,2024-11-10 17:30:00,0.1259,0.0127,0.0,0.368,3997.0,282.0,5711.0,2846000000000.0,1.839e-06,Luanda_Angola
13.678,-8.148,40961.0,2024-11-10 17:40:00,0.1084,0.0028,0.0,0.035,4054.0,303.0,0.0,2829000000000.0,6.93e-07,Luanda_Angola
14.0,-8.124,40840.0,2024-11-10 16:40:00,0.2264,0.6709,-13.125,16.484,109.0,107.0,0.0,4772000000000.0,1.501e-06,Luanda_Angola
13.954,-8.124,40876.0,2024-11-10 16:50:00,0.2054,0.079,-6.922,1.952,643.0,156.0,5235.0,3664000000000.0,1.446e-06,Luanda_Angola
13.908,-8.123,40909.0,2024-11-10 17:00:00,0.1865,0.0191,0.0,0.398,1350.0,192.0,5335.0,3518000000000.0,1.216e-06,Luanda_Angola
13.861,-8.121,40938.0,2024-11-10 17:10:00,0.1672,0.0082,0.0,0.15,2084.0,222.0,5437.0,3411000000000.0,1.073e-06,Luanda_Angola
13.815,-8.119,40955.0,2024-11-10 17:20:00,0.1481,0.0067,0.0,0.088,2157.0,248.0,0.0,3381000000000.0,7.54e-07,Luanda_Angola
13.994,-8.098,40866.0,2024-11-10 16:50:00,0.2088,0.1146,-7.76,2.948,446.0,142.0,5176.0,3230000000000.0,1.525e-06,Luanda_Angola
13.948,-8.096,40899.0,2024-11-10 17:00:00,0.1896,0.0122,0.0,0.206,1130.0,180.0,5273.0,3082000000000.0,9.63e-07,Luanda_Angola
14.033,-8.072,40853.0,2024-11-10 16:50:00,0.2134,0.1971,-8.435,4.961,278.0,127.0,5113.0,3446000000000.0,1.529e-06,Luanda_Angola
13.988,-8.069,40886.0,2024-11-10 17:00:00,0.1922,0.0069,0.0,0.06,914.0,169.0,5210.0,3259000000000.0,4.78e-07,Luanda_Angola
14.073,-8.048,40843.0,2024-11-10 16:50:00,0.2176,0.4813,-8.53,10.831,128.0,111.0,0.0,4723000000000.0,1.417e-06,Luanda_Angola
14.028,-8.044,40876.0,2024-11-10 17:00:00,0.1959,0.0273,0.0,0.362,620.0,157.0,5151.0,3946000000000.0,7.57e-07,Luanda_Angola
14.067,-8.019,40866.0,2024-11-10 17:00:00,0.1998,0.0385,0.0,0.702,447.0,144.0,5090.0,3264000000000.0,1.098e-06,Luanda_Angola
14.106,-7.995,40853.0,2024-11-10 17:00:00,0.2093,0.1062,0.0,2.153,290.0,130.0,5026.0,3474000000000.0,1.276e-06,Luanda_Angola
14.145,-7.971,40843.0,2024-11-10 17:00:00,0.2501,0.3119,0.0,6.107,143.0,114.0,0.0,4677000000000.0,1.3e-06,Luanda_Angola
14.18,-7.918,40850.0,2024-11-10 17:10:00,0.3191,0.0743,0.0,1.243,293.0,132.0,4934.0,3525000000000.0,1.16e-06,Luanda_Angola
14.218,-7.895,40843.0,2024-11-10 17:10:00,0.3829,0.3075,0.0,5.845,164.0,117.0,4882.0,3750000000000.0,1.43e-06,Luanda_Angola
14.257,-7.873,40837.0,2024-11-10 17:10:00,0.449,2.2745,0.0,35.471,34.0,100.0,0.0,4905000000000.0,1.516e-06,Luanda_Angola
14.215,-7.863,40856.0,2024-11-10 17:20:00,0.3795,0.0028,0.0,0.011,411.0,149.0,4900.0,3468000000000.0,2.77e-07,Luanda_Angola
14.253,-7.84,40846.0,2024-11-10 17:20:00,0.4433,0.0956,0.0,1.486,270.0,136.0,4868.0,3566000000000.0,1.212e-06,Luanda_Angola
14.291,-7.818,40843.0,2024-11-10 17:20:00,0.4647,0.327,0.0,5.587,158.0,121.0,4839.0,3770000000000.0,1.439e-06,Luanda_Angola
14.329,-7.796,40837.0,2024-11-10 17:20:00,0.48,1.0137,0.0,15.862,69.0,104.0,0.0,4873000000000.0,1.465e-06,Luanda_Angola
14.287,-7.784,40846.0,2024-11-10 17:30:00,0.4326,0.0546,0.0,0.549,308.0,152.0,4855.0,3810000000000.0,8.11e-07,Luanda_Angola
14.326,-7.762,40843.0,2024-11-10 17:30:00,0.4421,0.1385,0.0,1.989,214.0,139.0,4826.0,3588000000000.0,1.254e-06,Luanda_Angola
14.364,-7.741,40840.0,2024-11-10 17:30:00,0.4286,0.3561,0.0,5.419,138.0,124.0,4807.0,3771000000000.0,1.415e-06,Luanda_Angola
14.402,-7.72,40837.0,2024-11-10 17:30:00,0.3911,0.7293,0.0,10.448,86.0,108.0,0.0,4818000000000.0,1.413e-06,Luanda_Angola
14.397,-7.684,40837.0,2024-11-10 17:40:00,0.2957,0.1116,0.0,1.466,166.0,141.0,4805.0,3573000000000.0,1.089e-06,Luanda_Angola
14.436,-7.663,40837.0,2024-11-10 17:40:00,0.271,0.2676,0.0,3.96,129.0,127.0,4807.0,3723000000000.0,1.29e-06,Luanda_Angola
14.474,-7.643,40837.0,2024-11-10 17:40:00,0.2481,0.4717,0.0,6.876,102.0,111.0,0.0,4748000000000.0,1.319e-06,Luanda_Angola
14.468,-7.606,40830.0,2024-11-10 17:50:00,0.1884,0.0278,0.0,0.169,200.0,143.0,4797.0,3532000000000.0,4.45e-07,Luanda_Angola
14.507,-7.586,40833.0,2024-11-10 17:50:00,0.1756,0.1231,0.0,1.742,167.0,129.0,4824.0,3664000000000.0,1.125e-06,Luanda_Angola
14.546,-7.566,40833.0,2024-11-10 17:50:00,0.1657,0.3152,0.0,4.777,122.0,114.0,0.0,4696000000000.0,1.252e-06,Luanda_Angola
14.578,-7.508,40830.0,2024-11-10 18:00:00,0.133,0.066,0.0,0.936,256.0,131.0,4865.0,3586000000000.0,1.031e-06,Luanda_Angola
14.618,-7.489,40833.0,2024-11-10 18:00:00,0.1305,0.2771,0.0,5.021,167.0,117.0,4887.0,3738000000000.0,1.394e-06,Luanda_Angola
14.658,-7.47,40837.0,2024-11-10 18:00:00,0.1285,1.5326,0.0,25.665,48.0,100.0,0.0,4883000000000.0,1.491e-06,Luanda_Angola
14.649,-7.43,40827.0,2024-11-10 18:10:00,0.1147,0.0517,0.0,0.866,367.0,134.0,4907.0,3503000000000.0,1.109e-06,Luanda_Angola
14.689,-7.411,40833.0,2024-11-10 18:10:00,0.1129,0.2142,0.0,4.439,235.0,119.0,4912.0,3679000000000.0,1.439e-06,Luanda_Angola
14.73,-7.393,40837.0,2024-11-10 18:10:00,0.1111,0.7509,0.0,14.96,93.0,103.0,0.0,4851000000000.0,1.468e-06,Luanda_Angola
14.72,-7.351,40823.0,2024-11-10 18:20:00,0.0976,0.0686,0.0,1.455,489.0,136.0,4925.0,3433000000000.0,1.308e-06,Luanda_Angola
14.761,-7.334,40830.0,2024-11-10 18:20:00,0.0965,0.1842,0.0,4.448,317.0,122.0,4913.0,3633000000000.0,1.54e-06,Luanda_Angola
14.802,-7.316,40837.0,2024-11-10 18:20:00,0.0966,0.5616,0.0,12.777,132.0,107.0,0.0,4810000000000.0,1.508e-06,Luanda_Angola
14.751,-7.291,40814.0,2024-11-10 18:30:00,0.0826,0.0328,0.0,0.7,822.0,151.0,4918.0,3935000000000.0,1.194e-06,Luanda_Angola
14.792,-7.274,40820.0,2024-11-10 18:30:00,0.0823,0.0918,0.0,2.501,625.0,139.0,4910.0,3382000000000.0,1.594e-06,Luanda_Angola
14.833,-7.256,40827.0,2024-11-10 18:30:00,0.0817,0.1517,0.0,4.362,420.0,126.0,4901.0,3587000000000.0,1.712e-06,Luanda_Angola
14.783,-7.23,40801.0,2024-11-10 18:40:00,0.0681,0.0343,0.0,0.88,1399.0,165.0,4924.0,3438000000000.0,1.448e-06,Luanda_Angola
14.874,-7.239,40833.0,2024-11-10 18:30:00,0.0808,0.4815,0.0,12.742,171.0,110.0,0.0,4758000000000.0,1.623e-06,Luanda_Angola
14.824,-7.213,40810.0,2024-11-10 18:40:00,0.0673,0.0719,0.0,2.14,1022.0,155.0,4915.0,4130000000000.0,1.729e-06,Luanda_Angola
14.774,-7.186,40771.0,2024-11-10 18:50:00,0.0537,0.0275,0.0,0.727,2099.0,189.0,4950.0,4007000000000.0,1.466e-06,Luanda_Angola
14.865,-7.196,40820.0,2024-11-10 18:40:00,0.0665,0.0867,0.0,2.953,788.0,143.0,4901.0,3316000000000.0,2.035e-06,Luanda_Angola
14.815,-7.169,40784.0,2024-11-10 18:50:00,0.0532,0.0417,0.0,1.514,1898.0,179.0,4931.0,3193000000000.0,2.146e-06,Luanda_Angola
14.765,-7.141,40738.0,2024-11-10 19:00:00,0.0394,0.0192,0.0,0.66,3071.0,209.0,4971.0,3113000000000.0,1.964e-06,Luanda_Angola
14.906,-7.178,40827.0,2024-11-10 18:40:00,0.0659,0.1346,0.0,4.549,538.0,129.0,4873.0,3549000000000.0,2.029e-06,Luanda_Angola
14.856,-7.151,40797.0,2024-11-10 18:50:00,0.0527,0.0761,0.0,3.04,1676.0,169.0,4898.0,3387000000000.0,2.435e-06,Luanda_Angola
14.807,-7.123,40755.0,2024-11-10 19:00:00,0.0393,0.0456,0.0,1.963,2890.0,201.0,4932.0,3290000000000.0,2.618e-06,Luanda_Angola
14.757,-7.095,40699.0,2024-11-10 19:10:00,0.0309,0.029,0.0,1.2,4174.0,229.0,4978.0,3214000000000.0,2.436e-06,Luanda_Angola
14.946,-7.161,40833.0,2024-11-10 18:40:00,0.0652,0.4023,0.0,11.969,208.0,114.0,0.0,4700000000000.0,1.808e-06,Luanda_Angola
14.897,-7.134,40807.0,2024-11-10 18:50:00,0.0523,0.1109,0.0,4.216,1250.0,159.0,4870.0,4319000000000.0,2.295e-06,Luanda_Angola
14.848,-7.106,40768.0,2024-11-10 19:00:00,0.0392,0.0664,0.0,2.929,2520.0,193.0,4903.0,4173000000000.0,2.71e-06,Luanda_Angola
14.799,-7.077,40719.0,2024-11-10 19:10:00,0.031,0.0435,0.0,2.023,3870.0,222.0,4945.0,4061000000000.0,2.84e-06,Luanda_Angola
14.75,-7.048,40656.0,2024-11-10 19:20:00,0.0225,0.0298,0.0,1.284,5256.0,248.0,4993.0,3970000000000.0,2.522e-06,Luanda_Angola
14.937,-7.117,40817.0,2024-11-10 18:50:00,0.0519,0.1275,0.0,5.12,978.0,146.0,4877.0,3248000000000.0,2.465e-06,Luanda_Angola
14.889,-7.089,40784.0,2024-11-10 19:00:00,0.0391,0.0755,0.0,3.694,2296.0,183.0,4904.0,3117000000000.0,3.114e-06,Luanda_Angola
14.84,-7.06,40735.0,2024-11-10 19:10:00,0.0311,0.058,0.0,3.117,3701.0,214.0,4941.0,3023000000000.0,3.472e-06,Luanda_Angola
14.792,-7.03,40676.0,2024-11-10 19:20:00,0.0229,0.0404,0.0,2.185,5151.0,241.0,4987.0,2948000000000.0,3.425e-06,Luanda_Angola
14.744,-7.0,40607.0,2024-11-10 19:30:00,0.0148,0.018,0.0,0.866,6634.0,266.0,5040.0,2884000000000.0,2.843e-06,Luanda_Angola
14.978,-7.1,40827.0,2024-11-10 18:50:00,0.0516,0.1608,0.0,6.057,685.0,133.0,4840.0,3497000000000.0,2.282e-06,Luanda_Angola
14.929,-7.072,40794.0,2024-11-10 19:00:00,0.0391,0.0852,0.0,4.122,2030.0,172.0,4901.0,3306000000000.0,3.067e-06,Luanda_Angola
14.881,-7.042,40751.0,2024-11-10 19:10:00,0.0312,0.0652,0.0,3.593,3490.0,205.0,4937.0,3196000000000.0,3.6e-06,Luanda_Angola
14.833,-7.012,40696.0,2024-11-10 19:20:00,0.0233,0.0467,0.0,2.703,5010.0,234.0,4978.0,3110000000000.0,3.784e-06,Luanda_Angola
14.786,-6.982,40627.0,2024-11-10 19:30:00,0.0166,0.0329,0.0,1.839,6568.0,259.0,5029.0,3036000000000.0,3.524e-06,Luanda_Angola
14.739,-6.95,40548.0,2024-11-10 19:40:00,0.0122,0.0109,0.0,0.44,8115.0,283.0,5099.0,2966000000000.0,2.25e-06,Luanda_Angola
15.019,-7.084,40833.0,2024-11-10 18:50:00,0.0511,0.2037,0.0,6.982,387.0,118.0,4786.0,3802000000000.0,2.04e-06,Luanda_Angola
14.97,-7.055,40807.0,2024-11-10 19:00:00,0.0392,0.0889,0.0,4.148,1739.0,161.0,4887.0,3523000000000.0,2.917e-06,Luanda_Angola
14.922,-7.025,40768.0,2024-11-10 19:10:00,0.0314,0.0742,0.0,4.078,3244.0,195.0,4940.0,3380000000000.0,3.59e-06,Luanda_Angola
14.875,-6.994,40715.0,2024-11-10 19:20:00,0.0239,0.0587,0.0,3.491,4835.0,225.0,4976.0,3283000000000.0,3.946e-06,Luanda_Angola
14.828,-6.963,40650.0,2024-11-10 19:30:00,0.0182,0.0402,0.0,2.398,6457.0,253.0,5034.0,3191000000000.0,3.884e-06,Luanda_Angola
14.781,-6.932,40574.0,2024-11-10 19:40:00,0.0134,0.0232,0.0,1.215,8072.0,277.0,5099.0,3113000000000.0,3.18e-06,Luanda_Angola
15.059,-7.068,40840.0,2024-11-10 18:50:00,0.05,1.0324,0.0,27.105,85.0,100.0,0.0,5001000000000.0,1.668e-06,Luanda_Angola
15.011,-7.038,40820.0,2024-11-10 19:00:00,0.0389,0.1181,0.0,5.093,1184.0,150.0,4824.0,3491000000000.0,2.64e-06,Luanda_Angola
14.964,-7.008,40784.0,2024-11-10 19:10:00,0.0315,0.0858,0.0,4.608,2725.0,186.0,4934.0,3291000000000.0,3.476e-06,Luanda_Angola
14.916,-6.977,40738.0,2024-11-10 19:20:00,0.0248,0.0651,0.0,3.89,4393.0,217.0,4985.0,3176000000000.0,3.987e-06,Luanda_Angola
14.87,-6.945,40676.0,2024-11-10 19:30:00,0.0193,0.0495,0.0,3.035,6095.0,245.0,5039.0,3081000000000.0,4.074e-06,Luanda_Angola
14.823,-6.913,40600.0,2024-11-10 19:40:00,0.0146,0.0274,0.0,1.561,7800.0,271.0,5096.0,3004000000000.0,3.584e-06,Luanda_Angola
15.052,-7.022,40827.0,2024-11-10 19:00:00,0.038,0.1529,0.0,6.131,851.0,136.0,4764.0,3479000000000.0,2.427e-06,Luanda_Angola
15.005,-6.991,40797.0,2024-11-10 19:10:00,0.0317,0.0938,0.0,4.903,2402.0,176.0,4869.0,3261000000000.0,3.355e-06,Luanda_Angola
14.958,-6.96,40755.0,2024-11-10 19:20:00,0.0254,0.0693,0.0,4.138,4064.0,208.0,4989.0,3095000000000.0,3.996e-06,Luanda_Angola
14.912,-6.928,40696.0,2024-11-10 19:30:00,0.0199,0.0555,0.0,3.477,5834.0,237.0,5037.0,3000000000000.0,4.225e-06,Luanda_Angola
14.866,-6.895,40623.0,2024-11-10 19:40:00,0.0153,0.0324,0.0,1.955,7613.0,263.0,5090.0,2922000000000.0,3.921e-06,Luanda_Angola
14.82,-6.862,40541.0,2024-11-10 19:50:00,0.0117,0.0122,0.0,0.547,9387.0,287.0,5148.0,2860000000000.0,2.575e-06,Luanda_Angola
15.092,-7.006,40833.0,2024-11-10 19:00:00,0.0369,0.1813,0.0,6.538,513.0,121.0,4699.0,3808000000000.0,2.138e-06,Luanda_Angola
15.046,-6.974,40810.0,2024-11-10 19:10:00,0.0308,0.0893,0.0,4.362,2067.0,165.0,4810.0,3529000000000.0,3.066e-06,Luanda_Angola
15.0,-6.942,40771.0,2024-11-10 19:20:00,0.0256,0.0673,0.0,3.874,3726.0,199.0,4926.0,3343000000000.0,3.781e-06,Luanda_Angola
14.954,-6.91,40715.0,2024-11-10 19:30:00,0.0201,0.0609,0.0,3.766,5476.0,228.0,5043.0,3195000000000.0,4.16e-06,Luanda_Angola
14.908,-6.877,40646.0,2024-11-10 19:40:00,0.0155,0.0408,0.0,2.51,7335.0,255.0,5090.0,3112000000000.0,4.054e-06,Luanda_Angola
14.863,-6.843,40568.0,2024-11-10 19:50:00,0.012,0.02,0.0,1.056,9197.0,279.0,5142.0,3044000000000.0,3.186e-06,Luanda_Angola
15.132,-6.99,40840.0,2024-11-10 19:00:00,0.036,0.6002,0.0,17.494,147.0,104.0,0.0,4940000000000.0,1.765e-06,Luanda_Angola
15.086,-6.958,40820.0,2024-11-10 19:10:00,0.03,0.107,0.0,4.643,1434.0,153.0,4744.0,3830000000000.0,2.641e-06,Luanda_Angola
15.041,-6.926,40784.0,2024-11-10 19:20:00,0.0247,0.0805,0.0,4.248,3121.0,189.0,4854.0,3615000000000.0,3.37e-06,Luanda_Angola
14.996,-6.892,40735.0,2024-11-10 19:30:00,0.0198,0.0563,0.0,3.316,4902.0,219.0,4963.0,3454000000000.0,3.863e-06,Luanda_Angola
14.95,-6.858,40666.0,2024-11-10 19:40:00,0.0153,0.0426,0.0,2.575,6768.0,246.0,5067.0,3323000000000.0,3.95e-06,Luanda_Angola
14.905,-6.824,40591.0,2024-11-10 19:50:00,0.0117,0.0258,0.0,1.411,8738.0,270.0,5111.0,3252000000000.0,3.364e-06,Luanda_Angola
15.126,-6.942,40827.0,2024-11-10 19:10:00,0.0294,0.1284,0.0,5.245,1041.0,139.0,4669.0,3475000000000.0,2.467e-06,Luanda_Angola
15.082,-6.909,40794.0,2024-11-10 19:20:00,0.024,0.0769,0.0,3.931,2722.0,177.0,4773.0,3265000000000.0,3.243e-06,Luanda_Angola
15.037,-6.875,40745.0,2024-11-10 19:30:00,0.0192,0.0514,0.0,2.964,4503.0,209.0,4879.0,3116000000000.0,3.762e-06,Luanda_Angola
14.992,-6.84,40682.0,2024-11-10 19:40:00,0.0147,0.0422,0.0,2.558,6376.0,236.0,4983.0,2998000000000.0,3.982e-06,Luanda_Angola
14.948,-6.806,40604.0,2024-11-10 19:50:00,0.011,0.0249,0.0,1.439,8340.0,261.0,5075.0,2903000000000.0,3.645e-06,Luanda_Angola
14.904,-6.771,40518.0,2024-11-10 20:00:00,0.0084,0.0019,0.0,0.046,10406.0,283.0,5116.0,2854000000000.0,1.203e-06,Luanda_Angola
15.166,-6.927,40830.0,2024-11-10 19:10:00,0.0288,0.1462,0.0,5.307,643.0,124.0,4596.0,3829000000000.0,2.141e-06,Luanda_Angola
15.122,-6.893,40804.0,2024-11-10 19:20:00,0.0234,0.067,0.0,3.157,2320.0,166.0,4695.0,3574000000000.0,2.907e-06,Luanda_Angola
15.078,-6.858,40758.0,2024-11-10 19:30:00,0.0186,0.0584,0.0,3.126,4103.0,198.0,4792.0,3408000000000.0,3.407e-06,Luanda_Angola
15.034,-6.823,40696.0,2024-11-10 19:40:00,0.014,0.0391,0.0,2.207,5985.0,226.0,4889.0,3281000000000.0,3.599e-06,Luanda_Angola
14.99,-6.788,40620.0,2024-11-10 19:50:00,0.0099,0.028,0.0,1.541,7953.0,251.0,4987.0,3175000000000.0,3.397e-06,Luanda_Angola
14.946,-6.752,40535.0,2024-11-10 20:00:00,0.0071,0.0057,0.0,0.205,10015.0,273.0,0.0,3094000000000.0,1.93e-06,Luanda_Angola
15.204,-6.912,40837.0,2024-11-10 19:10:00,0.0282,0.4498,0.0,13.479,193.0,107.0,0.0,4871000000000.0,1.786e-06,Luanda_Angola
15.161,-6.877,40810.0,2024-11-10 19:20:00,0.0228,0.096,0.0,3.946,1625.0,154.0,4627.0,4070000000000.0,2.461e-06,Luanda_Angola
15.118,-6.842,40768.0,2024-11-10 19:30:00,0.0179,0.0505,0.0,2.422,3442.0,188.0,4718.0,3869000000000.0,2.941e-06,Luanda_Angola
15.075,-6.806,40709.0,2024-11-10 19:40:00,0.0134,0.0369,0.0,1.861,5354.0,217.0,4812.0,3720000000000.0,3.078e-06,Luanda_Angola
15.032,-6.77,40636.0,2024-11-10 19:50:00,0.0091,0.0201,0.0,0.962,7358.0,241.0,4903.0,3603000000000.0,2.815e-06,Luanda_Angola
15.2,-6.862,40820.0,2024-11-10 19:20:00,0.0222,0.0998,0.0,3.942,1216.0,140.0,4568.0,3482000000000.0,2.355e-06,Luanda_Angola
15.158,-6.826,40778.0,2024-11-10 19:30:00,0.0174,0.0452,0.0,2.104,3026.0,177.0,4657.0,3296000000000.0,2.841e-06,Luanda_Angola
15.115,-6.79,40722.0,2024-11-10 19:40:00,0.0129,0.0281,0.0,1.36,4945.0,207.0,4742.0,3170000000000.0,2.917e-06,Luanda_Angola
15.072,-6.753,40650.0,2024-11-10 19:50:00,0.0087,0.0168,0.0,0.724,6958.0,232.0,4829.0,3072000000000.0,2.451e-06,Luanda_Angola
15.239,-6.848,40823.0,2024-11-10 19:20:00,0.0218,0.1028,0.0,3.616,782.0,126.0,4506.0,3834000000000.0,2.048e-06,Luanda_Angola
15.197,-6.811,40784.0,2024-11-10 19:30:00,0.0169,0.0545,0.0,2.289,2587.0,165.0,4593.0,3606000000000.0,2.501e-06,Luanda_Angola
15.155,-6.774,40728.0,2024-11-10 19:40:00,0.0125,0.0301,0.0,1.295,4509.0,196.0,4675.0,3463000000000.0,2.509e-06,Luanda_Angola
15.113,-6.736,40659.0,2024-11-10 19:50:00,0.0093,0.0073,0.0,0.203,6533.0,222.0,0.0,3358000000000.0,1.456e-06,Luanda_Angola
15.277,-6.834,40833.0,2024-11-10 19:20:00,0.0209,0.3637,0.0,10.578,233.0,110.0,0.0,4785000000000.0,1.699e-06,Luanda_Angola
15.236,-6.796,40794.0,2024-11-10 19:30:00,0.0165,0.0451,0.0,1.571,1818.0,153.0,4534.0,4234000000000.0,1.987e-06,Luanda_Angola
15.194,-6.758,40738.0,2024-11-10 19:40:00,0.0121,0.0198,0.0,0.69,3777.0,185.0,4611.0,4057000000000.0,1.932e-06,Luanda_Angola
15.274,-6.782,40801.0,2024-11-10 19:30:00,0.0158,0.0268,0.0,0.968,1222.0,140.0,5149.0,1474000000000.0,2.084e-06,Luanda_Angola
15.233,-6.743,40748.0,2024-11-10 19:40:00,0.0122,0.0081,0.0,0.247,2242.0,175.0,7073.0,1043000000000.0,1.648e-06,Luanda_Angola
15.321,-6.781,38688.0,2024-11-10 19:30:00,0.0902,0.3693,0.0,14.767,177.0,141.0,0.0,1312000000000.0,3.031e-06,Luanda_Angola
15.293,-6.764,38691.0,2024-11-10 19:40:00,0.0837,0.3072,0.0,15.103,353.0,193.0,0.0,1244000000000.0,3.954e-06,Luanda_Angola
15.266,-6.746,38684.0,2024-11-10 19:50:00,0.079,0.2792,0.0,15.785,536.0,236.0,0.0,1198000000000.0,4.783e-06,Luanda_Angola
15.24,-6.728,38668.0,2024-11-10 20:00:00,0.0754,0.2621,0.0,16.363,724.0,277.0,0.0,1158000000000.0,5.521e-06,Luanda_Angola
15.213,-6.71,38635.0,2024-11-10 20:10:00,0.0619,0.265,0.0,17.692,921.0,317.0,0.0,1120000000000.0,6.139e-06,Luanda_Angola
15.186,-6.691,38593.0,2024-11-10 20:20:00,0.0499,0.2402,0.0,17.06,1163.0,356.0,0.0,1085000000000.0,6.697e-06,Luanda_Angola
15.156,-6.672,38540.0,2024-11-10 20:30:00,0.0392,0.2077,0.0,15.526,1444.0,395.0,0.0,1053000000000.0,7.133e-06,Luanda_Angola
15.126,-6.653,38471.0,2024-11-10 20:40:00,0.0295,0.1722,0.0,13.252,1742.0,434.0,0.0,1025000000000.0,7.332e-06,Luanda_Angola
15.096,-6.633,38396.0,2024-11-10 20:50:00,0.0206,0.1397,0.0,10.804,2045.0,473.0,0.0,1003000000000.0,7.132e-06,Luanda_Angola
15.065,-6.613,38310.0,2024-11-10 21:00:00,0.0124,0.0919,0.0,6.854,2345.0,509.0,0.0,988000000000.0,6.279e-06,Luanda_Angola
15.034,-6.593,38219.0,2024-11-10 21:10:00,0.0098,0.0264,0.0,1.404,2631.0,539.0,0.0,979000000000.0,3.464e-06,Luanda_Angola
