station_id,latitude,longitude,elevation,station_name,start_year,end_year
ZZV00ASDE09,-98.8888,-998.8888,-998.8,ASDE09,2007,2025
AEM00041217,24.4333,54.65,16.0,ABU DHABI INTERNATIONAL AIRPOR,1983,2025
AGM00060390,36.6833,3.2167,25.0,DAR-EL-BEIDA,1948,2025
AGM00060571,31.5,-2.25,811.0,BECHAR,1948,2025
AGM00060630,27.2333,2.5,273.0,IN-SALAH,1964,2025
AGM00060656,27.7,-8.1667,443.0,TINDOUF,1973,2025
AGM00060680,22.8,5.4333,1377.0,TAMANRASSET,1934,2025
AJM00037860,40.5333,50.0,27.0,MASHTAGA,1947,2025
AQM00091765,-14.3383,-170.7192,5.5,PAGO PAGO/INT.AIRP. AMERICAN S,1966,2025
ARM00087155,-27.45,-59.05,53.0,RESISTENCIA AERO,1961,2025
ARM00087344,-31.3167,-64.2167,484.0,CORDOBA AERO,1959,2025
ARM00087418,-32.8333,-68.7833,705.0,MENDOZA AERO,1974,2025
ARM00087623,-36.5667,-64.2667,190.0,SANTA ROSA AERO,1965,2025
ARM00087715,-38.95,-68.1333,270.0,NEUQUEN AERO,1957,2025
ARM00087860,-45.7833,-67.5,58.0,COMODORO RIVADAVIA AERO,1958,2025
ASM00094120,-12.4239,130.8925,31.4,DARWIN AIRPORT,1943,2025
ZZV0000JNSR,-98.8888,-998.8888,-998.8,MIRAI,2000,2025
USM00072659,45.4556,-98.4133,398.4,SD ABERDEEN/REG.,1994,2025
USM00072662,44.0728,-103.21,1029.0,SD RAPID CITY WFO,1939,2025
USM00072672,43.0647,-108.4767,1699.0,WY RIVERTON,1995,2025
USM00072681,43.5672,-116.2114,873.1,ID BOISE/MUN.,1926,2025
USM00072694,44.9092,-123.0083,62.4,OR SALEM/MCNARY,1956,2025
USM00072712,46.8683,-68.0136,191.0,ME CARIBOU/MUN.,1940,2025
USM00072747,48.5647,-93.3975,357.3,MN INT.FALLS/FALLS INT. MN.,1942,2025
USM00072764,46.7717,-100.7594,506.2,ND BISMARCK/MUN.,1932,2025
USM00072562,41.1328,-100.7,848.8,NE NORTH PLATTE/LEE BIRD,1930,2025
USM00072572,40.7722,-111.9553,1289.0,UT SALT LAKE CITY/INTNL UT.,1926,2025
USM00072582,40.86,-115.7422,1593.0,NV ELKO,1931,2025
USM00072597,42.3769,-122.8822,398.2,OR MEDFORD/MEDFORD-JACKSON COUNTY,1926,2025
USM00072632,42.6989,-83.4714,330.2,MI WHITE LAKE,1994,2025
USM00072634,44.9075,-84.7189,447.7,MI GAYLORD,1996,2025
USM00072645,44.4986,-88.1119,209.3,WI GREEN BAY/A.-STRAUBEL,1940,2025
USM00072649,44.8497,-93.5647,290.2,MN CHANHASSEN,1937,2025
USM00072476,39.12,-108.525,1474.0,CO GRAND JUNCTION/WALKER FIELD,1938,2025
USM00072489,39.5681,-119.7967,1518.0,NV RENO,1927,2025
USM00072493,37.7444,-122.2236,2.5,CA OAKLAND/METROP. OAKLAND INT.,1928,2025
USM00072501,40.865,-72.8628,19.6,NY UPTON,1994,2025
USM00072518,42.6919,-73.8322,95.0,NY ALBANY,1930,2025
USM00072520,40.5317,-80.2172,360.5,PA PITTSBURGH,1934,2025
USM00072528,42.9411,-78.7189,218.4,NY BUFFALO/GREATER BUFFALO INT.,1929,2025
USM00072558,41.32,-96.3669,351.5,NE VALLEY,1926,2025
USM00072388,36.05,-115.1833,697.2,NV AS VEGAS,1935,2025
USM00072393,34.75,-120.5667,121.0,CA VANDENBERG AFB,1958,2025
USM00072402,37.9333,-75.4833,12.2,VA WALLOPS ISLAND,1963,2025
USM00072403,38.9767,-77.4858,88.4,VA STERLING,1960,2025
USM00072426,39.4214,-83.8217,322.7,OH WILMINGTON,1943,2025
USM00072440,37.2347,-93.4014,391.1,MO SPRINGFIELD/MUN.,1939,2025
USM00072451,37.7614,-99.9686,786.4,KS DODGE CITY/MUN.,1940,2025
USM00072456,39.0722,-95.6306,268.1,KS TOPEKA/MUN.,1953,2025
BGM00041923,23.7667,90.3833,8.0,DHAKA,1938,2025
BGM00041936,23.1833,89.1667,6.0,JESSORE,1982,2025
BGM00041943,23.0333,91.4167,6.0,FENI,1982,2025
BGM00041950,22.75,90.3667,3.0,BARISAL,1977,2025
BGM00041977,22.35,91.8167,33.0,CHITTAGONG (AMBAGAN),1928,2025
BGM00041992,21.4333,91.9333,2.0,COX'S BAZAR,1951,2025
BHM00078583,17.5333,-88.3,5.0,BELIZE/PHILLIP GOLDSTON INTL.,1980,2025
BNM00065344,6.35,2.3833,5.0,COTONOU,1940,2025
AYM00089664,-77.85,166.6667,24.0,MCMURDO,1956,2025
BBM00078954,13.0667,-59.4833,50.0,GRANTLEY ADAMS,1965,2025
BDM00078016,32.3669,-64.6772,4.0,L F WADE INTERNATIONAL AIRPORT,1946,2025
BEM00006458,50.7456,4.7633,112.8,BEAUVECHAIN,2005,2025
BGM00041859,25.7333,89.2333,33.0,RANGPUR,1929,2025
BGM00041883,24.85,89.3667,18.0,BOGRA,1949,2025
BGM00041891,24.9,91.8833,34.0,SYLHET,1953,2025
BGM00041907,24.1333,89.05,13.0,ISHWARDI,1976,2025
AYM00089532,-69.0053,39.5811,18.4,SYOWA,1959,2025
AYM00089564,-67.6017,62.8753,9.9,MAWSON,1954,2025
AYM00089571,-68.5744,77.9672,18.0,DAVIS,1957,2025
AYM00089592,-66.5519,93.0147,43.4,MIRNYJ,1957,2025
AYM00089611,-66.2825,110.5231,40.0,CASEY,1957,2025
AYM00089625,-75.1017,123.4119,3233.0,CONCORDIA,2006,2025
AYM00089642,-66.6631,140.0011,43.0,DUMONT D'URVILLE,1951,2025
AUM00011240,46.9931,15.4392,340.0,GRAZ-THALERHOF-FLUGHAFEN,1987,2025
AYM00089002,-70.6667,-8.25,50.0,NEUMAYER,1984,2025
AYM00089009,-90.0,-0.0,2835.0,AMUNDSEN-SCOTT,1961,2025
AYM00089022,-75.445,-26.2181,30.0,HALLEY,1957,2025
AYM00089055,-64.2333,-56.7167,208.0,BASE MARAMBIO,1982,2025
AYM00089062,-67.5661,-68.1297,3.0,ROTHERA,2002,2025
AYM00089512,-70.7678,11.8317,118.9,NOVOLAZAREVSKAJA,1969,2025
BRM00083768,-23.3333,-51.1333,569.0,LONDRINA (AERO),1973,2025
BRM00083779,-23.5,-46.6333,722.0,MARTE (AERO),2000,2025
BRM00083827,-25.5167,-54.5833,180.0,FOZ DO IGUACU (AERO),1974,2025
BRM00083840,-25.5167,-49.1667,908.0,CURITIBA (AERO),1965,2025
BRM00083899,-27.6667,-48.55,5.0,FLORIANOPOLIS (AERO),1973,2025
BRM00083928,-29.7833,-57.0333,74.0,URUGUAIANA (AERO),1973,2025
BRM00083937,-29.7167,-53.7,85.0,SANTA MARIA (AERO),2006,2025
BRM00083208,-12.7,-60.1,612.0,VILHENA (AERO),1967,2025
BRM00083378,-15.8667,-47.9333,1061.0,BRASILIA (AERO),1966,2025
BRM00083525,-18.8833,-48.2167,943.0,UBERLANDIA (AERO),2006,2025
BRM00083554,-19.0,-57.6667,141.0,CORUMBA (AERO),2002,2025
BRM00083566,-19.6167,-43.9667,827.0,CONFINS (AERO),1973,2025
BRM00083612,-20.4667,-54.6667,567.0,CAMPO GRANDE (AERO),1966,2025
BRM00083649,-20.2667,-40.2833,4.0,VITORIA (AERO),1973,2025
BRM00082400,-3.85,-32.4167,56.0,FERNANDO DE NORONHA,1958,2025
BRM00082411,-4.25,-69.9333,81.0,TABATINGA (AERO),2006,2025
BRM00082532,-5.8167,-61.2833,53.0,MANICORE (AERO),2006,2025
BRM00082599,-5.9167,-35.25,52.0,NATAL (AERO),1943,2025
BRM00082705,-7.5833,-72.7667,199.0,CRUZEIRO DO SUL (AERO),2004,2025
BRM00082824,-8.7667,-63.9167,102.0,PORTO VELHO (AERO),1977,2025
BRM00082917,-10.0,-67.8,142.0,RIO BRANCO (AERO),2004,2025
BRM00082965,-9.8667,-56.1,288.0,ALTA FLORESTA (AERO),1987,2025
BOM00026850,53.9286,27.6353,223.8,MINSK,1939,2025
BRM00082022,2.8333,-60.7,140.0,BOA VISTA (AERO),1977,2025
BRM00082026,2.2239,-55.9472,325.0,TIRIOS,2006,2025
BRM00082099,0.05,-51.0667,16.0,MACAPA (AERO),2005,2025
BRM00082107,-0.1167,-66.9667,79.0,SAO GABRIEL DA CACHOEIRA,2008,2025
BRM00082193,-1.3833,-48.4833,16.0,BELEM (AERO),1943,2025
BRM00082244,-2.4333,-54.7167,72.0,SANTAREM (AERO),1973,2025
BRM00082332,-3.15,-59.9833,84.0,MANAUS (AERO),1967,2025
CAM00071913,58.7333,-94.0667,28.5,CHURCHILL A UA,1950,2025
CAM00071917,79.9833,-85.9333,10.4,EUREKA UA,1948,2025
CAM00071924,74.7042,-94.9681,46.1,RESOLUTE UA,1948,2025
CAM00071925,69.1333,-105.0667,25.1,CAMBRIDGE BAY UA,1962,2025
CAM00071926,64.3167,-96.0,50.8,BAKER LAKE UA,1949,2025
CAM00071934,60.0261,-111.9294,204.1,FORT SMITH UA,1954,2025
CAM00071945,58.8333,-122.6,378.3,FORT NELSON UA,1954,2025
CAM00071957,68.3167,-133.5167,103.2,INUVIK UA,1960,2025
CAM00071845,51.45,-90.2,386.2,PICKLE LAKE UA,1992,2025
CAM00071867,53.9667,-101.1,274.0,THE PAS UA,1954,2025
CAM00071906,58.1167,-68.4167,60.2,KUUJJUAQ,1947,2025
CAM00071907,58.4667,-78.0833,24.4,INUKJUAK UA,1950,2025
CAM00071908,53.9,-122.79,600.5,PRINCE GEORGE UA,2000,2025
CAM00071909,63.75,-68.55,21.9,IQALUIT UA,1946,2025
CAM00071603,43.8667,-66.1,8.9,YARMOUTH UA,1988,2025
CAM00071701,45.8333,-66.4333,50.6,GAGETOWN A,1971,2025
CAM00071722,46.3019,-76.0061,188.6,MANIWAKI UA,1954,2025
CAM00071802,47.5167,-52.7833,112.4,ST JOHN'S WEST UA,2009,2025
CAM00071811,50.2167,-66.25,53.1,SEPT-ILES UA,1954,2025
CAM00071815,48.5667,-58.5667,57.0,STEPHENVILLE UA,1946,2025
CAM00071816,53.3,-60.3667,35.7,GOOSE UA,1946,2025
CAM00071823,53.7572,-73.6792,302.4,LA GRANDE IV UA,1985,2025
BUM00015614,42.65,23.3833,595.0,SOFIA (OBSERV.),1955,2025
BXM00096315,4.9333,114.9333,22.0,BRUNEI AIRPORT,1981,2025
CAM00071043,65.2833,-126.75,93.6,NORMAN WELLS UA,1951,2025
CAM00071081,68.7667,-81.2167,5.9,HALL BEACH UA,1957,2025
CAM00071082,82.5,-62.3333,65.4,ALERT UA,1950,2025
CAM00071109,50.685,-127.3758,17.4,PORT HARDY UA,1951,2025
CAM00071119,53.5475,-114.1083,766.3,EDMONTON STONY PLAIN,1946,2025
CHM00052203,42.8167,93.5167,739.0,HAMI,1957,2025
CHM00052267,41.95,101.0667,941.0,EJIN QI,1957,2025
CHM00052323,41.8,97.0333,1770.0,MAZONG SHAN,1963,2025
CHM00052418,40.15,94.6833,1140.0,DUNHUANG,1957,2025
CHM00052533,39.7667,98.4833,1478.0,JIUQUAN,1956,2025
CHM00052681,38.6333,103.0833,1367.0,MINQIN,1957,2025
CHM00052818,36.4167,94.9,2809.0,GOLMUD,1957,2025
CHM00052836,36.3,98.1,3190.0,DOULAN,1956,2025
CHM00051431,43.95,81.3333,664.0,YINING,1956,2025
CHM00051463,43.7833,87.6167,919.0,WU LU MU QI,1956,2025
CHM00051644,41.7167,82.95,1083.5,KUQA,1957,2025
CHM00051656,41.7294,85.8186,903.0,KORLA,1964,2025
CHM00051709,39.4833,75.75,1386.7,KASHI,1956,2025
CHM00051777,39.0333,88.1667,889.0,RUOQIANG,1956,2025
CHM00051828,37.1333,79.9333,1375.0,HOTAN,1957,2025
CHM00051839,37.0667,82.7167,1409.0,MINFENG,1973,2025
CHM00050527,49.25,119.7,653.3,HAILAR,1956,2025
CHM00050557,49.1667,125.2333,243.0,NENJIANG,1956,2025
CHM00050774,47.7167,128.8333,264.8,YICHUN,1973,2025
CHM00050953,45.9333,126.5667,118.3,HARBIN,1958,2025
CHM00051076,47.7333,88.0833,737.0,ALTAY,1958,2025
CHM00051243,45.6167,84.85,457.0,KARAMAY,1973,2025
CAM00071964,60.7328,-135.0969,707.0,WHITEHORSE UA,1954,2025
CDM00064700,12.1333,15.0333,295.0,NDJAMENA,1950,2025
CEM00043466,6.9,79.8667,7.0,COLOMBO,1939,2025
CFM00064400,-4.8167,11.9,17.0,POINTE-NOIRE,1947,2025
CHM00056080,35.0,102.9,2910.0,HEZUO,1960,2025
CHM00056137,31.15,97.1667,3307.0,QAMDO,1957,2025
CHM00056146,31.6167,100.0,3394.0,GARZE,1957,2025
CHM00056187,30.75,103.8667,549.0,WENJIANG,2004,2025
CHM00056492,28.8,104.6,342.0,YIBIN,1957,2025
CHM00056571,27.9,102.2667,1599.0,XICHANG,1956,2025
CHM00056651,26.8333,100.2167,2382.0,LIJING,1964,2025
CHM00056691,26.8667,104.2833,2236.0,WEINING,1960,2025
CHM00054511,39.9333,116.2833,32.5,BEIJING,1956,2025
CHM00054662,38.9,121.6333,97.0,DALIAN,1944,2025
CHM00054727,36.7,117.55,123.0,ZHANGQIU,2003,2025
CHM00054857,36.0667,120.3333,77.0,QINGDAO,1956,2025
CHM00055299,31.4833,92.0667,4508.0,NAGQU,1957,2025
CHM00055591,29.6667,91.1333,3650.0,LHASA,1957,2025
CHM00056029,33.0,96.95,3716.9,YUSHU,1959,2025
CHM00056046,33.75,99.65,3968.0,DARLAG,1967,2025
CHM00053845,36.5667,109.45,958.9,YAN AN,1956,2025
CHM00053915,35.55,106.6667,1348.0,PINGLIANG,1959,2025
CHM00054102,43.95,116.1167,1004.0,XILIN HOT,1956,2025
CHM00054135,43.6,122.2667,180.0,TONGLIAO,1959,2025
CHM00054161,43.9,125.2167,238.0,CHANGCHUN,1956,2025
CHM00054218,42.3,118.8333,668.6,CHIFENG,1956,2025
CHM00054292,42.8667,129.5,258.0,YANJI,1956,2025
CHM00054374,41.8,126.8833,385.0,LINJIANG,1959,2025
CHM00052866,36.7167,101.75,2296.0,XINING,1958,2025
CHM00052983,35.8667,104.15,1875.0,YU ZHONG,2001,2025
CHM00053068,43.6333,111.95,966.0,ERENHOT,1973,2025
CHM00053463,40.85,111.5667,1153.5,HOHHOT,1956,2025
CHM00053513,40.7333,107.3667,1041.0,LINHE,1973,2025
CHM00053543,39.8333,109.9833,1459.0,DONGSHENG,1963,2025
CHM00053614,38.4667,106.2,1112.0,YINCHUAN,1957,2025
CHM00053772,37.6206,112.5767,776.0,TAIYUAN,1956,2025
CHM00058457,30.2333,120.1667,43.0,HANGZHOU,1960,2025
CHM00058606,28.6,115.9167,50.0,NANCHANG,1957,2025
CHM00058633,28.9667,118.8667,82.9,QU XIAN,1956,2025
CHM00058665,28.6167,121.4167,2.0,HONGJIA,1991,2025
CHM00058725,27.3333,117.4667,219.0,SHAOWU,1958,2025
CHM00058847,26.0833,119.2833,85.0,FUZHOU,1956,2025
CHM00059023,24.7,108.0333,261.0,HECHI,1973,2025
CHM00059134,24.4833,118.0833,139.0,XIAMEN,1958,2025
CHM00057972,25.7353,112.9739,368.8,CHENZHOU,1956,2025
CHM00057993,25.8667,115.0,134.0,GANZHOU,1956,2025
CHM00058027,34.2833,117.15,42.0,XUZHOU,1956,2025
CHM00058150,33.75,120.3,3.0,SHEYANG,1964,2025
CHM00058203,32.8667,115.7333,33.0,FUYANG,1957,2025
CHM00058238,31.9333,118.9,32.0,NANJING,1930,2025
CHM00058362,31.4167,121.45,9.0,SHANGHAI (BAOSHAN),1956,2025
CHM00058424,30.6167,116.9667,62.0,ANQING,1960,2025
CHM00057245,32.7167,109.0333,291.0,ANKANG,1960,2025
CHM00057461,30.7333,111.3667,257.7,YICHANG,1956,2025
CHM00057494,30.6,114.05,24.0,WUHAN,1946,2025
CHM00057516,29.6,106.4,541.1,CHONGQING,1957,2025
CHM00057687,28.1086,112.7864,120.0,CHANGSHA,1956,2025
CHM00057749,27.5667,110.0,261.0,HUAIHUA,1956,2025
CHM00057816,26.4833,106.65,1223.0,GUIYANG,1956,2025
CHM00057957,25.3333,110.3,166.0,GUILIN,1957,2025
CHM00056739,24.9844,98.5056,1696.9,TENGCHONG,1956,2025
CHM00056778,25.0167,102.6833,1892.0,KUNMING,1956,2025
CHM00056964,22.7667,100.9833,1303.0,SIMAO,1957,2025
CHM00056985,23.4444,103.3278,1313.6,MENGZI,1973,2025
CHM00057083,34.7167,113.65,111.0,ZHENGZHOU,1956,2025
CHM00057127,33.0667,107.0333,509.0,HANZHONG,1959,2025
CHM00057131,34.4333,108.9667,411.0,JINGHE,2007,2025
CHM00057178,33.1,112.4833,181.6,NANYANG,1967,2025
CYM00017607,35.1408,33.3964,162.0,ATHALASSA,1949,2025
CYM00017609,34.8733,33.6172,9.8,LARNACA AIRPORT,1978,2025
DRM00078486,18.4333,-69.8833,14.0,SANTO DOMINGO,1962,2025
EGM00062306,31.3253,27.2217,29.0,MERSA MATRUH,1934,2025
EGM00062378,29.8628,31.3492,139.3,HELWAN,1920,2025
EGM00062403,26.2003,32.7467,96.0,SOUTH OF VALLEY UNIVERSITY,2003,2025
CNM00067002,-11.5333,43.2667,29.0,HAHAYA INT. AIRPORT,1982,2025
COM00080001,12.5833,-81.7167,1.0,SAN ANDRES (ISLA)/SESQUICENTEN,1956,2025
COM00080222,4.7,-74.15,2547.0,BOGOTA/ELDORADO,1960,2025
COM00080259,3.55,-76.3833,961.0,CALI/ALFONSO BONILLA ARAGON,2016,2025
COM00080398,-4.1667,-69.95,84.0,LETICIA/VASQUEZ COBO,1986,2025
CYM00017600,34.7194,32.4847,8.4,PAPHOS AP,1973,2025
CIM00085586,-33.6547,-71.6144,73.0,SANTO DOMINGO,1999,2025
CIM00085799,-41.4347,-73.0975,84.0,PUERTO MONTT,1957,2025
CIM00085934,-53.0033,-70.845,38.0,PUNTA ARENAS,1975,2025
CJM00078384,19.2917,-81.3583,3.0,OWEN ROBERTS AIRPORT GRAND CAY,1956,2025
CKM00096996,-12.1892,96.8344,3.0,COCOS ISLAND AERO,1952,2025
CMM00064870,7.35,13.5667,1114.0,NGAOUNDERE,1973,2025
CMM00064910,4.0167,9.7,10.0,DOUALA R.S.,1953,2025
CHM00059211,23.9,106.6,177.0,BAISE,1957,2025
CHM00059265,23.4833,111.3,120.0,WUZHOU,1957,2025
CHM00059280,23.7,113.0833,78.0,QINGYUAN,1997,2025
CHM00059293,23.8,114.7333,61.0,HEYUAN,2015,2025
CHM00059316,23.35,116.6667,4.0,SHANTOU,1957,2025
CHM00059431,22.6333,108.2167,126.0,NANNING,1956,2025
CHM00059758,20.0,110.25,64.0,HAIKOU,1956,2025
CIM00085442,-23.4503,-70.4408,113.0,ANTOFAGASTA,1957,2025
FSM00061998,-49.3522,70.2433,29.0,PORT-AUX-FRANCAIS,1968,2025
GLM00004220,68.7081,-52.8517,43.0,AASIAAT (EGEDESMINDE),1950,2025
GLM00004270,61.1667,-45.4167,34.0,MITTARFIK NARSARSUAQ,1946,2025
GLM00004320,76.7694,-18.6681,11.0,DANMARKSHAVN,1950,2025
GLM00004339,70.4844,-21.9511,70.0,ITTOQQORTOORMIIT,1946,2025
GLM00004360,65.6111,-37.6367,54.0,TASIILAQ (AMMASSALIK),1949,2025
FPM00091938,-17.5553,-149.6145,2.0,TAHITI-FAAA,1957,2025
FPM00091958,-27.6183,-144.3347,2.0,RAPA,1967,2025
FRM00007110,48.4442,-4.4119,99.0,BREST-GUIPAVAS,1940,2025
FRM00007145,48.7744,2.0097,167.0,TRAPPES,1949,2025
FRM00007510,44.8306,-0.6914,51.0,BORDEAUX MERIGNAC,1920,2025
FRM00007645,43.8569,4.4064,60.0,NIMES-COURBESSAC,1949,2025
FRM00007761,41.9181,8.7928,6.0,AJACCIO,1951,2025
FIM00002963,60.8139,23.4975,104.0,JOKIOINEN OBSERVATORY,1957,2025
FJM00091680,-17.75,177.45,13.0,NADI AIRPORT,1949,2025
FKM00088889,-51.82,-58.4481,74.0,MOUNT PLEASANT AIRPORT,1990,2025
FMM00091334,7.45,151.8333,3.0,TRUK/CAROLINE IS.,1951,2025
FMM00091348,6.95,158.2,38.0,PONAPE/CAROLINE IS.,1950,2025
FMM00091413,9.4833,138.0667,15.0,YAP/CAROLINE IS.,1949,2025
FOM00006011,62.0231,-6.7647,54.0,TORSHAVN,1949,2025
FPM00091925,-9.8061,-139.0356,51.0,HIVA-OA,1968,2025
EGM00062414,23.9644,32.82,201.8,ASSWAN,1936,2025
EIM00003953,51.9381,-10.2433,23.9,VALENTIA OBSERVATORY,1949,2025
ENM00026038,59.3981,24.6028,32.9,TALLINN-HARKU,1947,2025
EZM00011520,50.0078,14.4469,302.0,PRAHA-LIBUS,1969,2025
EZM00011747,49.4525,17.1347,214.8,PROSTEJOV,2003,2025
FGM00081405,4.8222,-52.3653,8.0,CAYENNE MATOURY,1953,2025
FIM00002836,67.3667,26.6289,179.0,SODANKYLA ARCTIC RESEARCH CENT,1920,2025
HUM00012982,46.25,20.1,82.0,SZEGED,1965,2025
ICM00004018,63.9806,-22.595,52.0,KEFLAVIKURFLUGVOLLUR,1946,2025
IDM00096009,5.1833,97.1333,87.0,LHOKSEUMAWE/MALIKUSSALEH,1983,2025
IDM00096011,5.5167,95.4167,21.0,BANDA ACEH/BLANG BINTANG,1973,2025
IDM00096015,4.25,96.1167,90.0,MEULABOH/CUT NYAK DHIEN,1995,2025
IDM00096035,3.6403,98.8786,25.0,KUALANAMU MEDAN,1973,2025
IDM00096073,1.55,98.8833,3.0,SIBOLGA/PINANGSORI,1973,2025
GQM00091212,13.4767,144.7944,75.4,WEATHER FORECAST OFFICE,1945,2025
GRM00016622,40.5272,22.9714,6.7,THESSALONIKI (AIRPORT),1955,2025
GRM00016716,37.8897,23.7417,43.1,ATHINAI HELLINIKON,1949,2025
GRM00016754,35.3353,25.1819,35.0,HERAKLEION (AIRPORT),1964,2025
HKM00045004,22.3272,114.1686,24.0,KOWLOON,1949,2025
HRM00014240,45.8219,16.0336,123.0,ZAGREB/MAKSIMIR,1955,2025
HRM00014430,44.0969,15.3403,78.0,ZADAR RS,1982,2025
HUM00012843,47.4333,19.1833,138.0,BUDAPEST/PESTSZENTLORINC,1949,2025
GMM00010548,50.5617,10.3772,450.0,MEININGEN,1969,2025
GMM00010618,49.6928,7.3264,376.0,IDAR-OBERSTEIN,1971,2025
GMM00010739,48.8333,9.2,314.0,STUTTGART/SCHNARRENBERG,1957,2025
GMM00010771,49.4283,11.9022,417.0,KUEMMERSBRUCK,1969,2025
GMM00010868,48.2442,11.5525,484.0,MUENCHEN-OBERSCHLEISSHEIM,1976,2025
GMM00010954,47.8342,10.8667,756.0,ALTENSTADT,1977,2025
GMM00010962,47.8019,11.0119,977.0,HOHENPEISSENBERG,1982,2025
GPM00078897,16.2639,-61.5164,11.0,LE RAIZET AERO,1952,2025
GLM00004417,72.5803,-38.4586,3255.0,GEOSUMMIT,2012,2025
GMM00010035,54.5333,9.55,47.0,SCHLESWIG,1954,2025
GMM00010113,53.7139,7.1525,11.0,NORDERNEY,2011,2025
GMM00010184,54.0978,13.4075,2.0,GREIFSWALD,1950,2025
GMM00010238,52.8153,9.9247,70.0,BERGEN,1969,2025
GMM00010304,52.7156,7.3175,19.0,MEPPEN,1972,2025
GMM00010393,52.2167,14.1167,112.0,LINDENBERG,1905,2025
GMM00010410,51.4056,6.9686,153.0,ESSEN-BREDENEY,1965,2025
IDM00096655,-2.225,113.9428,27.0,PALANGKA RAYA/TJILIK RIWUT,1984,2025
IDM00096685,-3.4333,114.75,20.0,BANJARMASIN/SYAMSUDIN NOOR,1973,2025
IDM00096737,-6.1167,106.1333,40.0,SERANG,1984,2025
IDM00096739,-6.2333,106.65,46.0,CURUG/BUDIARTO,1975,2025
IDM00096749,-6.1167,106.65,8.0,JAKARTA/SOEKARNO-HATTA,1909,2025
IDM00096791,-6.75,108.2667,50.0,CIREBON/JATIWANGI,1984,2025
IDM00096797,-6.85,109.15,10.0,TEGAL,1983,2025
IDM00096805,-7.7333,109.0167,6.0,CILACAP,1973,2025
IDM00096535,1.7667,109.3,15.0,PALOH,1997,2025
IDM00096565,0.8833,112.9333,53.0,PUTUSSIBAU/PAGSUMA,1998,2025
IDM00096581,-0.15,109.4,3.0,PONTIANAK/SUPADIO,1974,2025
IDM00096633,-1.2667,116.9,3.0,BALIKPAPAN/SEPINGGAN,1973,2025
IDM00096645,-2.7,111.7,25.0,PANGKALAN BUN/ISKANDAR,1983,2025
IDM00096195,-1.6333,103.65,25.0,JAMBI/SULTAN TAHA,1973,2025
IDM00096221,-2.9,104.7,10.0,PALEMBANG/ST. M. BADARUDIN II,1973,2025
IDM00096237,-2.1667,106.1333,33.0,PANGKAL PINANG,1973,2025
IDM00096249,-2.75,107.75,44.0,TANJUNG PANDAN/BULUH TUMBANG,1975,2025
IDM00096253,-3.8833,102.3333,16.0,BENGKULU/PADANG KEMILING,1973,2025
IDM00096509,3.3333,117.5667,6.0,TARAKAN/JUWATA,1973,2025
IDM00096075,1.2667,97.6,6.0,GUNUNG SITOLI/BINAKA,1989,2025
IDM00096091,0.9167,104.5333,18.0,TANJUNG PINANG/KIJANG,1975,2025
IDM00096109,0.4667,101.45,31.0,PEKAN BARU/SIMPANGTIGA,1973,2025
IDM00096145,3.2,106.25,3.0,TAREMPA,1980,2025
IDM00096147,3.95,108.3833,2.0,RANAI,1978,2025
IDM00096163,-0.7883,100.2808,3.0,MIA PADANG,1973,2025
IDM00096171,-0.3333,102.3167,46.0,RENGAT/JAPURA,1975,2025
IDM00096179,-0.4833,104.5833,31.0,SINGKEP/DABO,1978,2025
IDM00097502,-0.8939,131.2858,3.0,DEO SORONG,1987,2025
IDM00097560,-1.1833,136.1167,11.0,BIAK/FRANS KAISIEPO,1973,2025
IDM00097600,-2.0833,126.0,2.0,SANANA,1980,2025
IDM00097686,-4.0667,138.95,1660.0,WAMENA,1991,2025
IDM00097690,-2.5667,140.4833,99.0,JAYAPURA/SENTANI,1973,2025
IDM00097724,-3.7,128.0833,12.0,AMBON/PATTIMURA,1978,2025
IDM00097748,-3.8,130.8333,3.0,GESER,1984,2025
IDM00097240,-8.55,116.0833,3.0,PRAYA LOMBOK,1979,2025
IDM00097260,-8.4333,117.4167,3.0,SUMBAWA BESAR/BRANGBIJI,1976,2025
IDM00097270,-8.55,118.7,2.0,BIMA/M.SALAHUDDIN,1989,2025
IDM00097300,-8.6333,122.25,3.0,MAUMERE/WAI OTI,1979,2025
IDM00097340,-9.6667,120.3333,12.0,WAINGAPU/MAU HAU,1974,2025
IDM00097372,-10.1667,123.6667,108.0,KUPANG/ELTARI,1973,2025
IDM00097430,0.7667,127.3667,23.0,TERNATE/BABULLAH,1983,2025
IDM00097460,-0.6333,127.5,3.0,LABUHA/OESMAN SADIK,1996,2025
IDM00097048,0.5167,123.0667,2.0,GORONTALO/JALALUDDIN,1976,2025
IDM00097072,-0.6833,119.7333,6.0,PALU/MUTIARA,1975,2025
IDM00097086,-1.0405,122.7709,17.0,LUWUK/BUBUNG,1991,2025
IDM00097096,-1.3833,120.7333,2.0,POSO/KASIGUNCU,1984,2025
IDM00097120,-3.5,119.0,8.0,MAJENE,1996,2025
IDM00097180,-5.0667,119.55,14.0,UJUNG PANDANG/HASANUDDIN,1973,2025
IDM00097192,-5.4667,122.6167,2.0,BAU-BAU/BETO AMBARI,1992,2025
IDM00097230,-8.75,115.1667,1.0,DENPASAR/NGURAH RAI,1973,2025
IDM00096839,-6.9833,110.3833,3.0,SEMARANG/AHMAD YANI,1973,2025
IDM00096925,-5.85,112.6333,3.0,SANGKAPURA (BAWEAN IS.),1973,2025
IDM00096935,-7.3772,112.7939,3.0,JUANDA SURABAYA,1957,2025
IDM00096973,-7.05,113.9667,3.0,KALIANGET (MADURA IS),1983,2025
IDM00096987,-8.2167,114.3833,5.0,BANYUWANGI,1986,2025
IDM00097014,1.5333,124.9167,80.0,MENADO/ SAM RATULANGI,1973,2025
IDM00097028,1.0167,120.8,2.0,TOLI-TOLI/LALOS,1985,2025
INM00042399,26.5333,88.7167,83.0,JALPAIGURI,2015,2025
INM00042410,26.1,91.5833,54.0,GUWAHATI,1956,2025
INM00042435,25.75,71.3833,193.0,BARMER,2015,2025
INM00042452,25.15,75.85,273.0,KOTA AERODROME,2015,2025
INM00042492,25.6,85.1667,51.0,PATNA,1928,2025
INM00042516,25.5667,91.8833,1598.0,SHILLONG,1953,2025
INM00042299,27.3333,88.6167,1756.0,GANGTOK,2016,2025
INM00042314,27.4833,95.0167,110.0,DIBRUGARH /MOHANBARI,1945,2025
INM00042328,26.9,70.9167,231.0,JAISALMER,2015,2025
INM00042339,26.3,73.0167,217.0,JODHPUR,1935,2025
INM00042348,26.8167,75.8,383.0,JAIPUR / SANGANER,1973,2025
INM00042361,26.2333,78.25,205.0,GWALIOR,1938,2025
INM00042369,26.75,80.8833,122.0,LUCKNOW/AMAUSI,1967,2025
INM00042379,26.75,83.3667,78.3,GORAKHPUR,1973,2025
INM00042101,30.3333,76.4667,251.0,PATIALA,1975,2025
INM00042111,30.3167,78.0333,683.0,DEHRADUN,1973,2025
INM00042123,29.9167,73.8833,172.0,GANGANAGAR,2015,2025
INM00042165,28.0,73.3,223.0,BIKANER,1973,2025
INM00042170,28.25,74.9167,290.0,CHURU,2015,2025
INM00042182,28.5833,77.2,211.0,NEW DELHI/SAFDARJUNG,1930,2025
INM00042189,28.3667,79.4,167.0,BAREILLY,1973,2025
IDM00097810,-5.6833,132.75,12.0,TUAL/DUMATUBUN,1979,2025
IDM00097900,-7.9833,131.3,24.0,SAUMLAKI/OLILIT,1978,2025
IDM00097980,-8.4667,140.3833,3.0,MERAUKE/MOPAH,1987,2025
INM00042027,34.0833,74.8333,1585.0,SRINAGAR,1962,2025
INM00042056,32.6667,74.8333,318.0,JAMMU,2015,2025
USM00072327,36.2469,-86.5617,180.2,TN NASHVILLE/OLD HICKORY,1937,2025
USM00072340,34.835,-92.2594,173.2,AR LITTLE ROCK/ADAMS FLD,1947,2025
USM00072357,35.1808,-97.4378,344.9,OK NORMAN/MAX WESTHEIMER A,1974,2025
USM00072363,35.2331,-101.7092,1095.0,TX AMARILLO/INTL.,1932,2025
USM00072364,31.8728,-106.6981,1254.0,TX SANTA TERESA,1932,2025
USM00072365,35.0378,-106.6219,1619.0,NM ALBUQUERQUE/INT.,1931,2025
USM00072376,35.23,-111.8217,2179.0,AZ FLAGSTAFF,1995,2025
USM00072381,34.9167,-117.9,705.0,CA EDWARDS AFB,1942,2025
USM00072251,27.7789,-97.5056,14.8,TX CORPUS CHRISTI/INT.,1953,2025
USM00072261,29.3744,-100.9183,314.0,TX DEL RIO/INT.,1954,2025
USM00072265,31.9425,-102.1892,874.9,TX MIDLAND/MIDLAND REG. AIRTERM,1930,2025
USM00072274,32.2278,-110.9558,751.4,AZ TUCSON,1932,2025
USM00072293,32.8333,-117.1167,133.5,CA SAN DIEGO/MIRAMAR,1946,2025
USM00072305,34.7761,-76.8767,11.0,NC NEWPORT,1994,2025
USM00072317,36.0981,-79.9428,276.5,NC GREENSBORO/G.-HIGH PT.,1928,2025
USM00072318,37.2039,-80.4142,639.4,VA BLACKSBURG,1995,2025
USM00072221,30.4833,-86.5167,29.0,FL VALPARAISO/EGLIN AFB,1938,2025
USM00072230,33.1789,-86.7822,174.0,AL BIRMINGHAM,1994,2025
USM00072233,30.3369,-89.825,9.9,LA SLIDELL/MUN. LA,1988,2025
USM00072235,32.3189,-90.08,90.7,MS JACKSON/ALLEN C. THOMPSON FIEL,1932,2025
USM00072240,30.1253,-93.2161,4.8,LA LAKE CHARLES/MUN.,1940,2025
USM00072248,32.4511,-93.8414,85.1,LA SHREVEPORT/REG.,1949,2025
USM00072249,32.835,-97.2986,195.2,TX FORT WORTH,1937,2025
USM00072250,25.9167,-97.4192,7.1,TX BROWNSVILLE/INT.,1929,2025
USM00070414,52.7167,174.1,29.0,AK SHEMYA AFB,1946,2025
USM00072201,24.5531,-81.7886,13.4,FL KEY WEST/INT.,1919,2025
USM00072202,25.7544,-80.3831,4.3,FL MIAMI,1945,2025
USM00072206,30.4839,-81.7011,10.1,FL JACKSONVILLE/INTNL.,1926,2025
USM00072208,32.895,-80.0275,13.3,SC CHARLESTON/MUN.,1932,2025
USM00072210,27.7053,-82.4006,13.1,FL TAMPA BAY AREA,1931,2025
USM00072215,33.3558,-84.5672,244.9,GA PEACHTREE CITY,1994,2025
INM00043128,17.45,78.4667,530.0,HYDERABAD AIRPORT,1929,2025
INM00043150,17.6833,83.3,69.9,VISHAKHAPATNAM/WALTAIR,1938,2025
INM00043185,16.2,81.15,3.0,MACHILIPATNAM/FRANCHPET,1983,2025
INM00043243,14.9167,80.0,17.0,KAVALI,2019,2025
INM00043279,13.0,80.1833,13.7,CHENNAI/MINAMBAKKAM,1926,2025
INM00042971,20.25,85.8333,45.0,BHUBANESHWAR,1971,2025
INM00043003,19.1167,72.85,14.2,BOMBAY / SANTACRUZ,1938,2025
INM00043014,19.85,75.4,585.0,AURANGABAD CHIKALTHANA AERODRO,1973,2025
INM00043041,19.0833,82.0333,554.0,JAGDALPUR,1973,2025
INM00043049,19.2667,84.8833,16.4,GOPALPUR,1973,2025
INM00043063,18.5333,73.85,555.0,PUNE,1926,2025
INM00043086,18.7667,79.4333,156.0,RAMGUNDAM,2019,2025
INM00043110,16.9833,73.3333,90.5,RATNAGIRI,1973,2025
INM00042724,23.8833,91.25,16.0,AGARTALA,1973,2025
INM00042726,23.8333,92.6167,429.0,LENGPUI,2019,2025
INM00042798,22.8167,86.1833,142.0,JAMSHEDPUR,1941,2025
INM00042809,22.65,88.45,6.0,KOLKATA/DUM DUM,1938,2025
INM00042867,21.1,79.05,310.0,NAGPUR SONEGAON,1946,2025
INM00042874,21.2333,81.65,296.0,PBO RAIPUR,1973,2025
INM00042886,21.9167,84.0833,228.0,JHARSIGUDA,1973,2025
INM00042542,24.6167,73.8833,509.0,UDAIPUR DABOK,1976,2025
INM00042623,24.7667,93.9,781.0,IMPHAL/TULIHAL,1973,2025
INM00042647,23.0667,72.6333,55.0,AHMADABAD,1928,2025
INM00042675,23.2,79.95,397.0,JABALPUR,1928,2025
ITM00016429,37.9142,12.4914,7.3,TRAPANI BIRGI RDS,1974,2025
ITM00016546,39.3461,8.9675,29.0,DECIMOMANNU RDS,2012,2025
IVM00065548,7.3833,-7.5167,339.0,MAN,1973,2025
IVM00065578,5.25,-3.9333,7.0,ABIDJAN,1940,2025
IZM00040650,33.3,44.4,32.0,BAGHDAD INT. AIRPORT,1958,2025
JAM00047401,45.415,141.6789,2.8,WAKKANAI,1949,2025
JAM00047412,43.06,141.3286,17.5,SAPPORO,1949,2025
IRM00040856,29.4667,60.8833,1370.0,ZAHEDAN,2005,2025
IRM00040875,27.2167,56.3667,10.0,BANDARABBASS,1989,2025
ISM00040179,32.0,34.8167,35.0,BET DAGAN,1963,2025
ISM00040186,31.8667,34.6833,20.0,ASHDOD NORTH,2008,2025
ITM00016045,45.9806,13.0592,50.0,UDINE/RIVOLTO RDS,2016,2025
ITM00016113,44.5392,7.6125,385.0,CUNEO-LEVALDIGI RDS,2000,2025
ITM00016144,44.6539,11.6225,10.0,S. PIETRO CAPOFIUME RDS,1986,2025
ITM00016245,41.67,12.4508,32.0,PRATICA DI MARE RDS,1986,2025
IRM00040745,36.2667,59.6333,999.0,MASHHAD,1969,2025
IRM00040754,35.6833,51.3167,1204.0,TEHRAN-MEHRABAD,1961,2025
IRM00040766,34.35,47.15,1319.0,KERMANSHAH,1973,2025
IRM00040800,32.5175,51.7061,1550.4,ESFAHAN,1969,2025
IRM00040809,32.8667,59.2,1491.0,BIRJAND,1989,2025
IRM00040811,31.3333,48.6667,20.0,AHWAZ,1989,2025
IRM00040841,30.25,56.9667,1748.0,KERMAN,1967,2025
IRM00040848,29.5333,52.6,1484.0,SHIRAZ,1968,2025
INM00043295,12.9667,77.5833,917.0,BANGALORE,1926,2025
INM00043333,11.6667,92.7167,79.0,PORT BLAIR,1926,2025
INM00043346,10.9167,79.8333,6.9,KARAIKAL,1973,2025
INM00043353,9.9333,76.2333,1.0,COCHIN (IN-NAVY),1967,2025
INM00043369,8.3,73.15,0.9,MINICOY,1965,2025
INM00043371,8.4833,76.95,59.9,THIRUVANANTHAPURAM,1928,2025
IRM00040706,38.0833,46.2833,1367.0,TABRIZ,1970,2025
KSM00047158,35.1167,126.8,12.5,GWANGJU AB,1973,2025
KSM00047169,34.6872,125.4511,77.1,HEUKSANDO,2003,2025
KZM00028951,53.2333,63.6167,171.0,KOSTANAI,1950,2025
KZM00035229,50.2833,57.15,219.0,AKTOBE,1946,2025
KZM00035394,49.8,73.15,553.0,KARAGANDA,1946,2025
KZM00035671,47.8,67.7167,346.0,ZHEZKAZGAN,1961,2025
KZM00035700,47.1167,51.9167,-22.0,ATYRAU,1951,2025
KEM00063741,-1.3036,36.7597,1798.3,DAGORETTI CORNER,1949,2025
KNM00047058,39.0333,125.7833,36.0,PYONGYANG,1957,2025
KRM00091610,1.35,172.9167,2.0,TARAWA,1958,2025
KSM00047122,37.0833,127.0333,11.8,OSAN AB,1957,2025
KSM00047138,36.0319,129.38,2.9,POHANG,1967,2025
KSM00047155,35.1703,128.5728,37.7,CHANGWON,2016,2025
JAM00047909,28.3942,129.5528,294.1,NAZE/FUNCHATOGE,1957,2025
JAM00047918,24.3367,124.1644,5.7,ISHIGAKIJIMA,1964,2025
JAM00047945,25.8289,131.2286,15.3,MINAMIDAITOJIMA,1961,2025
JAM00047971,27.0922,142.1914,2.7,CHICHIJIMA,1967,2025
JAM00047991,24.2883,153.9833,7.1,MINAMITORISHIMA,1951,2025
JMM00078397,18.0667,-76.85,786.0,COOPERS HILL,1956,2025
JNM00001001,70.9397,-8.6678,9.0,JAN MAYEN,1949,2025
JAM00047582,39.7175,140.0992,6.3,AKITA,1956,2025
JAM00047600,37.3914,136.8953,5.2,WAJIMA,1956,2025
JAM00047646,36.0581,140.1258,25.2,TATENO,1949,2025
JAM00047678,33.1217,139.7792,151.2,HACHIJOJIMA,1958,2025
JAM00047741,35.4572,133.0656,16.9,MATSUE,2010,2025
JAM00047778,33.4503,135.7572,67.5,SHIONOMISAKI,1956,2025
JAM00047807,33.5822,130.3764,2.5,FUKUOKA,1947,2025
JAM00047827,31.555,130.5481,3.9,KAGOSHIMA,1956,2025
MXM00076405,24.1167,-110.3167,18.0,LA PAZ,1975,2025
MXM00076458,23.2167,-106.4,3.0,COLONIA JUAN CARRASCO MAZATLAN,1948,2025
MXM00076595,21.0167,-86.85,9.0,CANCUN,1995,2025
MXM00076612,20.7,-103.3833,1551.0,GUADALAJARA,1979,2025
MXM00076644,20.95,-89.65,11.0,AEROP.INTERNACIONAL MERIDA,1948,2025
MXM00076654,19.0667,-104.3333,3.0,MANZANILLO,1976,2025
MXM00076679,19.4333,-99.1333,2235.0,AEROP. INTERNACIONAL MEXICO,1948,2025
MXM00076692,19.15,-96.1333,19.0,"HACIENDA YLANG YLANG VERACRUZ,",1952,2025
MOM00060155,33.5667,-7.6667,56.0,CASABLANCA,1949,2025
MOM00060191,32.367,-6.4,468.0,BENI-MELLAL,1986,2025
MUM00041256,23.5953,58.2983,8.4,MUSCAT INT'L AIRPORT,1978,2025
MUM00041316,17.0439,54.1022,23.0,SALALAH AIRPORT,1973,2025
MXM00076256,27.95,-110.8,12.0,EMPALME,1964,2025
MXM00076394,25.8667,-100.2333,448.0,"AEROP.INTERNACIONAL MONTERREY,",1964,2025
MAM00067083,-18.8,47.4833,1279.0,ANTANANARIVO/IVATO,1967,2025
MGM00044212,49.8,92.0833,940.0,ULAANGOM,1971,2025
MGM00044231,49.6333,100.1667,1285.0,MUREN,1971,2025
MGM00044292,47.9167,106.8667,1729.0,ULAANBAATAR,1956,2025
MGM00044373,43.5833,104.4167,1465.0,DALANZADGAD,1959,2025
MLM00061291,12.5333,-7.95,380.0,BAMAKO/SENOU,1975,2025
KZM00036003,52.3,76.9333,122.0,PAVLODAR,1958,2025
KZM00036872,43.3633,77.0042,662.7,ALMATY,1940,2025
KZM00038064,44.7667,65.5167,133.4,KYZYLORDA,1950,2025
KZM00038341,42.85,71.3,652.0,TARAZ,1956,2025
LGM00026435,56.6425,25.1283,79.4,SKRIVERI,2006,2025
LHM00026629,54.8839,23.8358,76.1,KAUNAS,1947,2025
LOM00011952,49.0333,20.3167,703.0,POPRAD-GANOVCE,1977,2025
NZM00093112,-36.7928,174.6214,30.0,WHENUAPAI,1957,2025
NZM00093417,-40.9044,174.9839,6.0,PARAPARAUMU AERODROME,1973,2025
NZM00093844,-46.4108,168.3178,2.0,INVERCARGILL AIRPORT,1950,2025
PAM00086218,-25.2333,-57.5167,83.0,AEROPUERTO SILVIO PETTIROSSI,1975,2025
PFM00059981,16.8333,112.3333,5.0,XISHA DAO,1958,2025
NLM00006260,52.0989,5.1797,1.9,DE BILT AWS,1911,2025
NNM00078866,18.0333,-63.1167,3.0,JULIANA AIRPORT,1956,2025
NOM00001010,69.3153,16.1308,10.0,ANDOYA,2014,2025
NOM00001241,63.7056,9.6117,10.0,ORLAND III,1959,2025
NOM00001400,56.5422,3.2236,52.0,EKOFISK,1994,2025
NOM00001415,58.8742,5.665,37.0,STAVANGER/SOLA,1949,2025
NOM00001492,59.9428,10.7194,95.0,OSLO-BLINDERN,2001,2025
MYM00096441,3.2,113.0333,3.0,BINTULU,1973,2025
MYM00096471,5.9333,116.05,2.0,KOTA KINABALU,1969,2025
MYM00096481,4.2667,117.8833,20.0,TAWAU,1979,2025
NCM00091592,-22.2761,166.4528,70.0,NOUMEA (NLLE-CALEDONIE),1960,2025
NFM00094996,-29.0389,167.9408,113.0,NORFOLK ISLAND AERO,1943,2025
NGM00061024,16.9667,7.9833,501.0,AGADEZ,1947,2025
NGM00061052,13.4833,2.1667,223.0,NIAMEY-AERO,1940,2025
NHM00091557,-17.7,168.3,20.0,BAUERFIELD (EFATE),1986,2025
MXM00076743,17.9833,-92.9333,6.0,VILLAHERMOSA,2005,2025
MXM00076805,16.75,-99.75,3.0,ACAPULCO,1974,2025
MXM00076903,14.9167,-92.25,118.0,TAPACHULA,2011,2025
MYM00048601,5.3,100.2667,3.0,PENANG/BAYAN LEPAS,1968,2025
MYM00048615,6.1667,102.2833,5.0,KOTA BHARU,1973,2025
MYM00048650,2.7167,101.7,21.0,KUALA LUMPUR INTERNATIONAL AIR,1999,2025
MYM00048657,3.7833,103.2167,15.0,KUANTAN,1971,2025
MYM00096413,1.4833,110.3333,22.0,KUCHING,1973,2025
ROM00015420,44.5106,26.0781,90.0,BUCURESTI BANEASA,1950,2025
RPM00098223,18.1828,120.5342,4.0,LAOAG,1950,2025
RPM00098233,17.6375,121.7525,61.0,TUGUEGARAO,2017,2025
RPM00098433,14.5814,121.3692,646.1,TANAY,2000,2025
RPM00098444,13.1506,123.7283,16.0,LEGASPI,1973,2025
RPM00098618,9.7403,118.7586,13.0,PUERTO PRINCESA,1973,2025
RPM00098646,10.3222,123.98,23.0,MACTAN,1973,2025
POM00008522,32.6333,-16.9,58.0,FUNCHAL,1948,2025
PSM00091408,7.3333,134.4833,30.0,KOROR/CAROLINE IS.,1950,2025
QAM00041169,25.2731,51.6081,4.0,HAMAD INTERNATIONAL AIRPORT,1978,2025
REM00061980,-20.8925,55.5286,20.0,SAINT-DENIS/GILLOT (REUNION),1973,2025
RIM00013275,44.7667,20.4167,203.0,BEOGRAD/KOSUTNJAK,1971,2025
RIM00013388,43.3333,21.9,203.0,NIS,1973,2025
RMM00091376,7.0683,171.2942,3.9,MAJURO/MARSHALL IS. INTNL.,1952,2025
PKM00041780,24.9,67.1333,21.0,KARACHI AIRPORT,1926,2025
PLM00012120,54.7536,17.5347,1.8,LEBA,1972,2025
PLM00012374,52.4078,20.9564,94.2,LEGIONOWO,1956,2025
PLM00012425,51.1131,16.8811,119.6,WROCLAW I,1956,2025
PMM00078807,8.9667,-79.5667,7.0,COROZAL OESTE,1946,2025
POM00008508,38.7678,-27.0856,73.0,LAJES (ACORES),1946,2025
PKM00041598,32.9333,73.7167,232.0,JHELUM,1949,2025
PKM00041600,32.5,74.5333,255.0,SIALKOT,2003,2025
PKM00041624,31.8167,70.9167,172.0,DERA ISMAIL KHAN,1935,2025
PKM00041640,31.55,74.3333,214.0,LAHORE CITY,1960,2025
PKM00041675,30.2,71.4333,122.0,MULTAN,1940,2025
PKM00041678,29.95,73.25,162.0,BAHAWALNAGAR,1980,2025
PKM00041715,28.3,68.4667,55.0,JACOBABAD,1935,2025
PKM00041718,28.65,70.6833,87.0,KHANPUR,1949,2025
USM00070261,64.8161,-147.8767,133.7,AK FAIRBANKS/INT.,1930,2025
USM00070273,61.1567,-149.9864,52.1,AK ANCHORAGE/INT.,1938,2025
USM00070308,57.15,-170.2167,10.0,AK ST. PAUL ISLANDS,1944,2025
USM00070316,55.2011,-162.7164,25.3,AK COLD BAY,1946,2025
USM00070326,58.6794,-156.6683,8.4,AK KING SALMON,1953,2025
USM00070350,57.7431,-152.4867,5.0,AK KODIAK,1946,2025
USM00070361,59.5167,-139.6667,10.7,AK YAKUTAT,1942,2025
USM00070398,55.0389,-131.5778,34.7,AK ANNETTE ISLAND,1942,2025
UKM00003808,50.2183,-5.3275,87.0,CAMBORNE,1949,2025
UKM00003882,50.8994,0.3169,52.0,HERSTMONCEUX,1993,2025
UKM00003918,54.5,-6.3333,18.0,CASTOR BAY,2002,2025
USM00070026,71.2889,-156.7833,11.9,AK BARROW/W. POST W. ROGERS,1932,2025
USM00070133,66.8864,-162.6133,5.0,AK KOTZEBUE,1942,2025
USM00070200,64.5072,-165.4347,6.5,AK NOME,1930,2025
USM00070219,60.785,-161.84,33.0,AK BETHEL/BETHEL AIRPORT,1940,2025
USM00070231,62.9583,-155.5978,103.0,AK MCGRATH,1942,2025
UCM00078988,12.2,-68.9667,8.0,HATO AIRPORT,1956,2025
UKM00003005,60.1392,-1.1847,82.0,LERWICK,1941,2025
UKM00003023,57.3575,-7.385,4.0,SOUTH UIST RANGE,1998,2025
UKM00003238,55.0197,-1.8817,142.0,ALBEMARLE,2002,2025
UKM00003354,53.0056,-1.2511,117.0,NOTTINGHAM,1998,2025
UKM00003502,52.1394,-4.5711,133.0,ABERPORTH,1969,2025
UKM00003693,51.5547,0.8269,2.0,SHOEBURYNESS,1966,2025
UKM00003743,51.2017,-1.8058,132.0,LARKHILL,1942,2025
TUM00017196,38.6833,35.4833,1096.0,KAYSERI BOLGE,2016,2025
TUM00017220,38.4333,27.1667,25.0,IZMIR/GUZELYALI,1952,2025
TUM00017240,37.75,30.55,997.0,ISPARTA,1970,2025
TUM00017351,36.9833,35.35,27.0,ADANA/BOLGE,1986,2025
TVM00091643,-8.5167,179.2167,1.0,FUNAFUTI,1973,2025
RSM00023933,61.0278,69.1189,44.0,HANTY-MANSIJSK,1946,2025
RSM00023955,60.4333,77.8667,47.0,ALEKSANDROVSKOE,1949,2025
RSM00024266,67.5667,133.4,135.9,VERHOJANSK,1952,2025
RSM00024343,66.7667,123.4,87.8,ZHIGANSK,1951,2025
RSM00024507,64.2694,100.2167,188.0,TURA,1955,2025
RSM00024641,63.7833,121.6167,110.8,VILJUJSK,1951,2025
RSM00024688,63.25,143.15,740.3,OJMJAKON,1950,2025
RSM00024726,62.5333,113.8667,351.2,MIRNVY,1966,2025
RSM00023078,69.3472,88.2639,60.0,NORIL'SK,1974,2025
RSM00023205,67.625,53.0175,5.4,NAR'JAN-MAR,1946,2025
RSM00023330,66.5319,66.6744,14.8,SALEHARD,1948,2025
RSM00023415,65.1167,57.1,56.0,PECHORA,1953,2025
RSM00023472,65.7944,87.9889,37.5,TURUHANSK,1951,2025
RSM00023802,61.6767,50.7806,116.0,SYKTYVKAR,1947,2025
RSM00023884,61.5806,90.0306,62.0,BOR,1950,2025
RSM00023921,60.6833,60.45,93.0,IVDEL,1953,2025
RSM00021824,71.5833,128.9167,6.0,TIKSI,1939,2025
RSM00021946,70.6167,147.8833,44.0,CHOKURDAH,1955,2025
RSM00022217,67.1692,32.3542,26.0,KANDALAKSHA,1957,2025
RSM00022271,67.8767,44.1742,4.8,SHOJNA,1963,2025
RSM00022522,64.95,34.65,8.0,KEM,1950,2025
RSM00022543,64.6247,40.5114,4.0,ARHANGEL'SK,1939,2025
RSM00022820,61.8167,34.2667,110.0,PETROZAVODSK,1957,2025
RSM00022845,61.5067,38.9347,124.0,KARGOPOL,1962,2025
RPM00098753,7.1278,125.6547,17.0,DAVAO AIRPORT,1978,2025
RQM00078526,18.4317,-65.9919,4.0,PR SAN JUAN/INT.,1946,2025
RSM00020046,80.6264,58.0589,21.0,POLARGMO IM. E.T. KRENKELJA,1957,2025
RSM00020292,77.7131,104.2919,12.0,GMO IM.E.K. FEDOROVA,1919,2025
RSM00020674,73.5136,80.4064,42.0,OSTROV DIKSON,1938,2025
RSM00020744,72.3667,52.7,18.0,MALYE KARMAKULY,1950,2025
RSM00021432,76.0,137.8667,11.5,OSTROV KOTEL'NYJ,1946,2025
RSM00029572,56.1806,92.6056,204.6,EMEL' YANOVO,1995,2025
RSM00029612,55.3544,78.3083,118.6,BARABINSK,1958,2025
RSM00029634,54.9667,82.95,143.0,NOVOSIBIRSK,1946,2025
RSM00029698,54.8833,99.0333,410.6,NIZHNEUDINSK,1950,2025
RSM00029839,53.5,83.8333,140.3,BARNAUL,1963,2025
RSM00029862,53.7667,91.3167,253.6,ABAKAN,1960,2025
RSM00030054,59.45,112.5833,186.0,VITIM,1951,2025
RSM00030230,57.7667,108.0667,256.5,KIRENSK,1950,2025
RSM00028225,57.9583,56.1972,170.0,PERM,1961,2025
RSM00028275,58.15,68.25,55.3,TOBOL'SK,1951,2025
RSM00028445,56.7333,61.0667,286.1,EKATERINBURG (VERHNEE DUBROVO),1946,2025
RSM00028661,55.4567,65.4011,70.8,KURGAN,1955,2025
RSM00028722,54.7106,55.815,103.6,UFA-DIOMA,1946,2025
RSM00029231,58.3167,82.95,72.9,KOLPASEVO,1951,2025
RSM00029263,58.4528,92.2028,76.9,ENISEJSK,1964,2025
RSM00029282,58.3833,97.45,131.0,BOGUCANY,1951,2025
RSM00026781,54.75,32.0667,240.0,SMOLENSK,1939,2025
RSM00027038,59.3183,39.9256,124.7,VOLOGDA,1947,2025
RSM00027199,58.5667,49.5667,156.5,KIROV,1947,2025
RSM00027459,56.2667,44.0,161.1,NIZHNIJ NOVGOROD,1946,2025
RSM00027707,54.1,35.35,237.0,SUHINICHI,1961,2025
RSM00027730,54.6333,39.7,155.0,RYAZAN,1962,2025
RSM00027962,53.1228,45.0189,169.5,PENZA,1961,2025
RSM00027995,52.9833,49.4333,44.7,SAMARA (BEZENCHUK),1951,2025
RSM00024908,60.3361,102.2944,258.8,VANAVARA,1955,2025
RSM00024959,62.0167,129.7167,98.2,JAKUTSK,1940,2025
RSM00025123,68.75,161.2833,32.0,CHERSKIJ,1955,2025
RSM00025428,65.2333,160.5333,260.0,OMOLON,1957,2025
RSM00025703,62.9167,152.4167,206.1,SEJMCHAN,1955,2025
RSM00025913,59.55,150.7833,115.3,MAGADAN,1950,2025
RSM00026298,57.8833,34.0333,186.0,BOLOGOE,1952,2025
RSM00026477,56.35,30.6167,97.0,VELIKIE LUKI,1960,2025
RSM00032540,53.0833,158.5833,78.0,PETROPAVLOVSK-KAMCHATSKIJ,1948,2025
RSM00032618,55.2,165.9833,16.0,OSTROV BERINGA,1957,2025
RSM00034009,51.7667,36.1667,246.4,KURSK,1946,2025
RSM00034122,51.65,39.25,100.0,VORONEZ,1939,2025
RSM00034172,51.5567,46.0394,166.5,SARATOV,1947,2025
RSM00034247,50.4167,41.05,90.4,KALACH,1961,2025
RSM00034467,48.7833,44.3333,141.0,VOLGOGRAD,1947,2025
RSM00034731,47.25,39.8167,78.0,ROSTOV-NA-DONU,1939,2025
RSM00031873,45.8667,133.7333,100.0,DAL'NERECHENSK,1957,2025
RSM00031977,43.2667,132.05,77.0,VLADIVOSTOK (SAD GOROD),1940,2025
RSM00032061,50.9,142.1667,30.0,ALEKSANDROVSK-SAHALINSKIJ,1951,2025
RSM00032098,49.2167,143.1,7.0,PORONAJSK,1970,2025
RSM00032150,46.95,142.7167,22.0,JUZHNO-SAHALINSK,1948,2025
RSM00032215,50.6833,156.1333,24.0,SEVERO-KURIL'SK,1998,2025
RSM00032389,56.3167,160.8333,28.0,KLJUCHI,1950,2025
RSM00032477,54.3,155.9167,25.0,SOBOLEVO,1967,2025
RSM00031004,58.6167,125.3667,678.4,ALDAN,1950,2025
RSM00031088,59.3667,143.2,4.6,OHOTSK,1951,2025
RSM00031300,53.7414,127.2764,228.0,ZEJA,1955,2025
RSM00031369,53.1475,140.6939,44.8,NIKOLAEVSK-NA-AMURE,1951,2025
RSM00031510,50.2803,127.4783,168.0,BLAGOVESCETNSK,1940,2025
RSM00031538,50.0667,132.1333,343.2,SUTUR,1958,2025
RSM00031736,48.5333,135.2333,72.0,HABAROVSK,1940,2025
RSM00031770,49.0,140.3,20.5,SOVETSKAYA GAVAN,1964,2025
RSM00030309,56.2833,101.75,410.8,BRATSK,1967,2025
RSM00030372,56.9,118.2667,709.0,CHARA,1967,2025
RSM00030635,53.4167,109.0167,459.0,UST'-BARGUZIN,1960,2025
RSM00030673,53.75,119.7333,624.0,MOGOCHA,1953,2025
RSM00030758,52.0833,113.4833,671.0,CHITA,1940,2025
RSM00030935,50.3667,108.75,770.0,KRASNYJ CHIKOJ,1951,2025
RSM00030965,50.4,116.5167,675.0,BORZYA,1957,2025
SFM00068994,-46.8831,37.8669,24.0,MARION ISLAND,1949,2025
SHM00061901,-15.9419,-5.6672,435.0,ST. HELENA IS.,1977,2025
SHM00068906,-40.35,-9.88,54.0,GOUGH ISLAND,1957,2025
SIM00014015,46.0656,14.5122,299.0,LJUBLJANA/BEZIGRAD,1996,2025
SNM00048698,1.3667,103.9833,5.0,SINGAPORE/CHANGI AIRPORT,1955,2025
SPM00008001,43.3658,-8.4214,58.0,LA CORUNA,1958,2025
SPM00008023,43.4911,-3.8006,52.0,SANTANDER,1973,2025
SFM00068263,-25.91,28.2111,1526.0,PRETORIA (IRENE),1974,2025
SFM00068424,-28.4136,21.2597,835.0,UPINGTON,1973,2025
SFM00068442,-29.1,26.3,1353.0,BLOEMFONTEIN AIRPORT,1966,2025
SFM00068512,-29.6719,17.8875,1006.0,SPRINGBOK,1987,2025
SFM00068592,-29.6017,31.13,105.0,KING SHAKA INT'L AIRPORT,2010,2025
SFM00068816,-33.97,18.6,46.0,CAPE TOWN INTNL. AIRPORT,1949,2025
SFM00068842,-33.9844,25.6108,63.0,PORT ELIZABETH,1967,2025
SAM00040375,28.3833,36.6,778.0,TABUK,1976,2025
SAM00040394,27.4333,41.6833,1015.0,HAIL,1986,2025
SAM00040417,26.45,49.8167,22.0,K.F.I.A.,1998,2025
SAM00040430,24.55,39.7,654.0,AL-MADINAH,1975,2025
SAM00040437,24.9333,46.7167,614.0,KING KHALED INT. AIRPORT,1984,2025
SAM00041024,21.7,39.1833,15.0,JEDDAH,1966,2025
SAM00041112,18.2333,42.65,2090.0,ABHA,1999,2025
SEM00063985,-4.6833,55.5167,4.0,SEYCHELLES INTER. AIRPORT,1973,2025
RSM00034858,45.9167,43.35,85.9,DIVNOE,1957,2025
RSM00034882,46.2833,47.9833,-17.0,ASTRAHAN,1939,2025
RSM00035121,51.6925,55.0783,114.8,ORENBURG,1939,2025
RSM00036096,51.7103,94.4917,626.1,KYZYL,1955,2025
RSM00037011,44.1,39.0333,94.6,TUAPSE,1950,2025
RSM00037055,44.2167,43.1,312.6,MINERAL'NYE VODY,1947,2025
RSM00037259,43.0,47.5,-19.7,MAHACHKALA,1963,2025
SAM00040373,28.3167,46.1333,358.0,AL-QAISUMAH,1977,2025
THM00048565,8.145,98.3144,5.9,PHUKET AIRPORT,1973,2025
THM00048568,7.1819,100.6075,4.6,SONGKHLA,1954,2025
TOM00065387,6.1667,1.25,20.0,LOME,1945,2025
TSM00060715,36.8333,10.2333,4.0,TUNIS-CARTHAGE,1948,2025
TUM00017030,41.2833,36.3,4.0,SAMSUN,1952,2025
TUM00017064,40.9,29.15,18.0,ISTANBUL BOLGE (KARTAL),1951,2025
TUM00017095,39.9,41.2833,1869.0,ERZURUM BOLGE,2006,2025
THM00048381,16.4608,102.7894,187.0,KHON KAEN,2016,2025
THM00048407,15.25,104.8667,122.0,UBON RATCHATHANI,1962,2025
THM00048431,14.9681,102.0858,186.6,NAKHON RATCHASIMA,1973,2025
THM00048453,13.6664,100.6061,0.8,BANGNA AGROMET,2008,2025
THM00048477,12.6914,100.9853,16.0,SATTAHIP,1973,2025
THM00048480,12.6094,102.1039,2.9,CHANTHA BURI,1973,2025
THM00048500,11.835,99.8103,4.0,PRACHUAP KHIRIKHAN,1973,2025
THM00048551,9.1342,99.1519,5.0,SURAT THANI,1973,2025
SWM00002185,65.5433,22.1144,17.0,LULEA-KALLAX,1949,2025
SWM00002365,62.5317,17.4361,3.9,SUNDSVALL HARNOSAND,1965,2025
SWM00002591,57.65,18.35,45.0,VISBY AEROLOGISKA STATION,1977,2025
SZM00006610,46.8117,6.9425,490.0,PAYERNE,1943,2025
TDM00078970,10.6167,-61.35,12.0,PIARCO INT. AIRPORT,1969,2025
THM00048327,18.7706,98.9683,313.2,CHIANG MAI,1954,2025
THM00048378,16.7961,100.2758,44.0,PHITSANULOK,1973,2025
SPM00008190,41.3844,2.1181,95.0,BARCELONA SERVEI,2007,2025
SPM00008221,40.4653,-3.5797,631.0,MADRID/BARAJAS RS,1950,2025
SPM00008302,39.6058,2.7067,41.0,MALLORCA-SON BONET,1958,2025
SPM00008383,37.2783,-6.9117,19.0,HUELVA,2018,2025
SPM00008430,38.0019,-1.1708,61.0,MURCIA,1984,2025
SPM00060018,28.3183,-16.3822,105.0,TENERIFE-GUIMAR,2002,2025
SVM00001004,78.9233,11.9222,15.5,NY-ALESUND II,1992,2025
SVM00001028,74.5039,19.0011,20.0,BJORNOYA,1957,2025
VMM00048887,10.9333,108.1,8.0,PHAN THIET,1978,2025
VMM00048900,10.8167,106.6667,5.0,TAN SON HOA,1954,2025
VMM00048914,9.1833,105.15,1.0,CA MAU,1974,2025
WIM00060096,23.7111,-15.9308,8.7,DAKHLA,1974,2025
ASM00094170,-12.6778,141.9208,19.2,WEIPA AERO,1993,2025
UVM00065503,12.35,-1.5167,303.0,OUAGADOUGOU,1940,2025
UVM00065510,11.1667,-4.3,432.0,BOBO-DIOULASSO,1940,2025
VMM00048820,21.0333,105.8,5.0,HA NOI,1953,2025
VMM00048839,20.1333,107.7167,56.0,BACH LONG VI,2012,2025
VMM00048845,18.6667,105.6833,5.0,VINH,1960,2025
VMM00048855,16.0667,108.35,7.0,DA NANG,1962,2025
VMM00048870,13.7667,109.2167,4.0,QUY NHON,1973,2025
VMM00048877,12.2167,109.2167,3.0,NHA TRANG,1978,2025
USM00074455,41.6114,-90.5817,230.5,IA QUAD CITY,1935,2025
USM00074560,40.1517,-89.3383,179.2,IL LINCOLN,1995,2025
USM00074612,35.6833,-117.6833,696.0,CA CHINA LAKE,1946,2025
USM00074626,33.45,-111.95,386.0,AZ WFO PHOENIX,2000,2025
USM00074646,36.6,-97.5,306.0,OK LAMONT,2000,2025
USM00074794,28.4667,-80.55,3.0,FL CAPE KENNEDY,1950,2025
USM00091165,21.9933,-159.3467,32.3,HI LIHUE,1950,2025
USM00091285,19.7183,-155.0583,11.0,HI HILO HI,1943,2025
USM00072768,48.2067,-106.6256,693.1,MT GLASGOW/INT.,1943,2025
USM00072776,47.4614,-111.3847,1132.0,MT GREAT FALLS,1940,2025
USM00072786,47.6806,-117.6267,729.1,WA SPOKANE,1926,2025
USM00072797,47.9339,-124.5603,56.8,WA QUILLAYUTE,1966,2025
USM00074003,40.1667,-112.9333,1325.0,UT DUGWAY PRVGR,1944,2025
USM00074004,32.8356,-114.4,231.0,AZ YUMA PROVING GROUNDS AZ,1992,2025
USM00074005,32.8636,-114.0331,231.0,AZ YUMA PRVGR,2008,2025
USM00074389,43.8925,-70.2572,124.5,ME GRAY,1940,2025
ASM00094910,-35.1583,147.4572,220.7,WAGGA WAGGA AMO,1946,2025
ASM00094995,-31.5422,159.0786,5.2,LORD HOWE ISLAND AERO,1950,2025
ASM00094998,-54.4994,158.937,6.0,MACQUARIE ISLAND,1948,2025
ASM00095527,-29.4897,149.8472,213.7,MOREE AERO,1964,2025
AUM00011010,48.2353,14.1881,298.0,LINZ/HOERSCHING-FLUGHAFEN,1987,2025
AUM00011035,48.2486,16.3564,200.0,WIEN/HOHE WARTE,1910,2025
AUM00011120,47.2603,11.3439,581.0,INNSBRUCK-FLUGHAFEN,1998,2025
ASM00094672,-34.9525,138.5203,6.1,ADELAIDE AIRPORT,1945,2025
ASM00094711,-31.4839,145.8294,260.0,COBAR MO,1962,2025
ASM00094767,-33.9464,151.1731,6.4,SYDNEY AIRPORT AMO,1946,2025
ASM00094802,-34.9414,117.8022,71.0,ALBANY AIRPORT,1965,2025
ASM00094821,-37.7472,140.7739,64.6,MOUNT GAMBIER AERO,1945,2025
ASM00094866,-37.6656,144.8322,132.3,MELBOURNE AIRPORT,1946,2025
ASM00094461,-25.0342,128.3011,580.0,GILES METEOROLOGICAL OFFICE,1956,2025
ASM00094510,-26.4139,146.2558,305.7,CHARLEVILLE AERO,1942,2025
ASM00094578,-27.3917,153.1292,4.0,BRISBANE AERO,1943,2025
ASM00094610,-31.9275,115.9764,20.4,PERTH AIRPORT,1948,2025
ASM00094637,-30.7847,121.4533,366.7,KALGOORLIE-BOULDER AIRPORT,1950,2025
ASM00094653,-32.1297,133.6975,23.5,CEDUNA AMO,1950,2025
ASM00094659,-31.1558,136.8053,167.0,WOOMERA AERODROME,1949,2025
ASM00094203,-17.9475,122.2353,17.4,BROOME AIRPORT,1950,2025
ASM00094299,-16.2833,149.965,9.0,WILLIS ISLAND,1947,2025
ASM00094302,-22.2406,114.0967,6.0,LEARMONTH AIRPORT,1975,2025
ASM00094312,-20.3725,118.6317,10.1,PORT HEDLAND AIRPORT,1950,2025
ASM00094326,-23.795,133.8889,545.3,ALICE SPRINGS AIRPORT,1946,2025
ASM00094332,-20.6778,139.4875,341.7,MOUNT ISA AERO,1975,2025
ASM00094403,-28.8044,114.6989,36.9,GERALDTON AIRPORT,1950,2025
ASM00094430,-26.6136,118.5372,522.1,MEEKATHARRA AIRPORT,1951,2025
ASM00094638,-33.83,121.8925,25.0,ESPERANCE,1969,2024
ASM00094750,-34.9469,150.5353,122.0,NOWRA RAN AIR STATION AWS,1950,2024
ASM00094776,-32.7933,151.8358,9.5,WILLIAMTOWN RAAF,1954,2024
ASM00094975,-42.8339,147.5033,4.0,HOBART AIRPORT,1953,2024
ZZV0000DBLK,-98.8888,-998.8888,-998.8,POLARSTERN,1985,2024
TSM00060760,33.9167,8.1667,86.0,TOZEUR,1969,2024
SWM00002527,57.6572,12.2911,164.0,GOTEBORG/LANDVETTER,1977,2024
RSM00030715,52.4833,103.85,435.5,ANGARSK,1988,2024
RPM00098747,8.4089,124.6119,186.0,LUMBIA AIRPORT,2014,2024
TUM00017130,39.95,32.8833,891.0,ANKARA/CENTRAL,1949,2024
PKM00041515,35.5667,71.7833,1464.0,DROSH,1949,2024
PKM00041506,35.9217,71.8,1499.0,CHITRAL,1975,2024
NZM00093817,-45.0378,169.6839,370.0,LAUDER UPPER AIR,2016,2024
NIM00065046,12.05,8.5333,472.5,KANO,1972,2024
RPM00098328,16.4039,120.6014,1500.0,BAGUIO,1973,2024
RMM00091366,8.7333,167.7333,2.0,KWAJALEIN/BUCHOLZ AAF,1949,2024
PKM00041768,25.5167,69.7833,5.0,CHHOR,1949,2024
AYM00089662,-74.6958,164.0922,92.0,MARIO ZUCHELLI STATION,1987,2024
CAM00071843,49.8,-97.1333,227.0,WINNIPEG UA,2000,2024
BRM00083746,-22.8167,-43.25,6.0,GALEAO,1961,2024
CEM00043418,8.5833,81.25,79.0,TRINCOMALEE,1973,2024
CFM00064450,-4.25,15.25,319.0,BRAZZAVILLE /MAYA-MAYA,1973,2024
CEM00043497,6.1167,81.1333,18.0,HAMBANTOTA,1973,2024
CFM00064458,1.6167,16.05,352.0,OUESSO,1963,2024
MAM00067027,-15.6667,46.35,26.0,MAHAJANGA,1973,2024
MAM00067197,-25.0333,46.95,8.0,TAOLAGNARO,1972,2024
JOM00040265,32.3667,36.25,683.0,MAFRAQ,1963,2024
INM00042701,23.3167,85.3167,646.0,M.O. RANCHI,1929,2024
INM00042667,23.2833,77.35,522.0,BHOPAL/BAIRAGHAR,1973,2024
INM00042634,23.25,69.8,78.0,BHUJ-RUDRAMATA,1973,2024
INM00042591,24.75,84.95,116.0,GAYA,1938,2024
JAM00047418,42.9531,144.4375,14.1,KUSHIRO,2010,2024
INM00043311,11.1167,72.7333,2.7,AMINIDIVI,1973,2024
INM00042397,26.6667,88.3667,123.0,SILIGURI,1973,2024
IDM00097876,-6.1,140.3,16.0,TANAH MERAH,1995,2024
INM00042079,31.5333,76.9,874.0,SUNDERNAGAR,2016,2024
INM00043285,12.95,74.8333,30.8,MANGALORE/PANAMBUR,1973,2024
USM00072214,30.4461,-84.2994,52.8,FL TALLAHASSEE/MUN.,1940,2024
GBM00064500,0.45,9.4167,12.0,LIBREVILLE,1973,2024
FPM00091948,-23.1303,-134.9653,91.0,MANGAREVA,1970,2024
COM00080094,7.1,-73.2,1189.0,BUCARAMANGA/PALONEGRO,2018,2024
ICM00004089,65.2833,-14.4,23.0,EGILSSTADIR,1996,2024
IDM00096607,-0.4844,117.1569,3.0,SAMARINDA/TEMINDUNG,1993,2024
IDM00096529,2.1167,117.45,26.0,TANJUNG REDEP/KALIMARAU,1996,2024
IDM00096595,-0.95,114.9,60.0,MUARA TEWEH/BERINGIN,1994,2024
IDM00096295,-5.1,105.1833,96.0,TANJUNG KARANG/RADIN INTEN II,1976,2024
IDM00096207,-2.0939,101.4698,782.0,KERINCI/DEPATI PARBO,2007,2024
IDM00097530,-0.8833,134.05,3.0,MANOKWARI/RENDANI,1992,2024
IDM00097008,3.5833,125.4667,38.0,NAHA/TAHUNA,1990,2024
BRM00083971,-30.0,-51.1833,3.0,PORTO ALEGRE (AERO),1950,2024
CEM00043413,8.9833,79.9167,3.0,MANNAR,1938,2024
CDM00064750,9.15,18.3833,365.0,SARH,1961,2024
GLM00004202,76.533,-68.75,77.0,PITUFFIK,1946,2024
COM00080028,10.8833,-74.7833,14.0,BARRANQUILLA/ERNESTO CORTISSOZ,2017,2024
DAM00006060,56.2933,9.1139,52.1,FLYVESTATION KARUP,1999,2024
BXM00096323,4.583,114.2,3.0,KUALA BELAIT,1999,2024
WAM00068110,-22.5667,17.1,1725.0,WINDHOEK,1986,2023
PKM00041749,26.25,68.3667,37.0,NAWABSHAH,1973,2023
TZM00063894,-6.8667,39.2,55.0,DAR ES SALAAM INT,1963,2023
TWM00058968,25.0333,121.5167,9.0,TAIBEI,1957,2023
SFM00068538,-30.6747,23.9992,1286.0,DE AAR,1993,2023
SGM00061687,13.7697,-13.6797,48.7,TAMBACOUNDA,1940,2023
ZZV0000JGQH,-98.8888,-998.8888,-998.8,RYOFU MARU,2000,2023
MRM00061415,20.9333,-17.0333,5.0,NOUADHIBOU,1940,2023
MLM00061265,14.5167,-4.1,276.0,MOPTI,1973,2023
INM00042103,30.3833,76.7667,273.0,AMBALA,1928,2023
IDM00097760,-3.6667,133.75,3.0,KAIMANA/UTAROM,1993,2023
INM00043201,15.4167,75.6333,670.0,GADAG,1973,2023
INM00043192,15.4833,73.8167,58.4,GOA/PANJIM,1954,2023
INM00042706,23.3833,87.0833,100.0,BANKURA,2015,2023
KSM00047090,38.2508,128.5647,18.7,SOKCHO,2001,2023
KSM00047131,36.633,127.433,59.0,CHEONGJU,1978,2023
KUM00040582,29.2425,47.9714,56.0,KUWAIT INTERNATIONAL AIRPORT,1983,2023
MRM00061442,18.1,-15.95,2.0,NOUAKCHOTT,1941,2023
CIM00085469,-27.1606,-109.4267,172.0,ISLA DE PASCUA,1966,2023
INM00042498,25.2333,86.95,44.0,BHAGALPUR,1973,2023
EGM00062423,27.0583,27.9892,82.2,FARAFRA,1953,2023
EGM00062337,31.0733,33.8358,36.9,EL ARISH,1950,2023
CAM00071836,51.2667,-80.65,10.0,MOOSONEE UA,1954,2023
AYM00089056,-62.1833,-58.9833,48.0,CENTRO MET. ANTARTICO PDTE. ED,2018,2023
ASM00094150,-12.2742,136.8203,62.5,GOVE AIRPORT,1985,2023
